Workbook

Sheet Gestao
A1: ID | B1: Hora de início | C1: Hora de conclusão | D1: Nome do avaliador | E1: Área avaliada | F1: Código do produto | G1: Coluna1 | H1: Tipo incidente | I1: ANO/MÊS | J1: ENDEREÇO CORRIGIDO | K1: TURNO
A2: 1 | B2: 45722.406 | C2: 45722.407 | D2: RAFAEL | E2: Picking | G2: =VLOOKUP(F2,Produtos!A:B,2,FALSE) -> #N/A | H2: Microfuro | I2: =YEAR(Table1[[#This Row],[Hora de início]])&"/"&IF(MONTH(Table1[[#This Row],[Hora de início]])<10,"0"&MONTH(Table1[[#This Row],[Hora de início]]),MONTH(Table1[[#This Row],[Hora de início]])) -> 2025/03 | J2: =VLOOKUP(Table1[[#This Row],[Área avaliada]],Endereços!A:B,2,0) -> Picking Alto Giro | K2: =VLOOKUP(Table1[[#This Row],[Nome do avaliador ]],M:N,2,0) -> A
A3: 2 | B3: 45723.428 | C3: 45723.429 | D3: KETLYN | E3: Regulador 1 | G3: =VLOOKUP(F3,Produtos!A:B,2,FALSE) -> #N/A | H3: Microfuro | I3: =YEAR(Table1[[#This Row],[Hora de início]])&"/"&IF(MONTH(Table1[[#This Row],[Hora de início]])<10,"0"&MONTH(Table1[[#This Row],[Hora de início]]),MONTH(Table1[[#This Row],[Hora de início]])) -> 2025/03 | J3: =VLOOKUP(Table1[[#This Row],[Área avaliada]],Endereços!A:B,2,0) -> Área Verde | K3: =VLOOKUP(Table1[[#This Row],[Nome do avaliador ]],M:N,2,0) -> A
A4: 3 | B4: 45723.446 | C4: 45723.447 | D4: KETLYN | E4: Regulador 1 | G4: =VLOOKUP(F4,Produtos!A:B,2,FALSE) -> #N/A | H4: Microfuro | I4: =YEAR(Table1[[#This Row],[Hora de início]])&"/"&IF(MONTH(Table1[[#This Row],[Hora de início]])<10,"0"&MONTH(Table1[[#This Row],[Hora de início]]),MONTH(Table1[[#This Row],[Hora de início]])) -> 2025/03 | J4: =VLOOKUP(Table1[[#This Row],[Área avaliada]],Endereços!A:B,2,0) -> Área Verde | K4: =VLOOKUP(Table1[[#This Row],[Nome do avaliador ]],M:N,2,0) -> A | M4: CARLOS | N4: B
A5: 4 | B5: 45723.447 | C5: 45723.448 | D5: CLEBER | E5: Picking | G5: =VLOOKUP(F5,Produtos!A:B,2,FALSE) -> #N/A | H5: Microfuro | I5: =YEAR(Table1[[#This Row],[Hora de início]])&"/"&IF(MONTH(Table1[[#This Row],[Hora de início]])<10,"0"&MONTH(Table1[[#This Row],[Hora de início]]),MONTH(Table1[[#This Row],[Hora de início]])) -> 2025/03 | J5: =VLOOKUP(Table1[[#This Row],[Área avaliada]],Endereços!A:B,2,0) -> Picking Alto Giro | K5: =VLOOKUP(Table1[[#This Row],[Nome do avaliador ]],M:N,2,0) -> C | M5: LUCIANE | N5: A
A6: 5 | B6: 45735.41 | C6: 45735.416 | D6: RAFAEL | E6: RACK01 | G6: =VLOOKUP(F6,Produtos!A:B,2,FALSE) -> #N/A | H6: Microfuro | I6: =YEAR(Table1[[#This Row],[Hora de início]])&"/"&IF(MONTH(Table1[[#This Row],[Hora de início]])<10,"0"&MONTH(Table1[[#This Row],[Hora de início]]),MONTH(Table1[[#This Row],[Hora de início]])) -> 2025/03 | J6: =VLOOKUP(Table1[[#This Row],[Área avaliada]],Endereços!A:B,2,0) -> Área Verde | K6: =VLOOKUP(Table1[[#This Row],[Nome do avaliador ]],M:N,2,0) -> A | M6: LAISA | N6: A
A7: 6 | B7: 45735.416 | C7: 45735.417 | D7: TAINÁ | E7: Picking Baixo Giro | G7: =VLOOKUP(F7,Produtos!A:B,2,FALSE) -> #N/A | H7: Microfuro | I7: =YEAR(Table1[[#This Row],[Hora de início]])&"/"&IF(MONTH(Table1[[#This Row],[Hora de início]])<10,"0"&MONTH(Table1[[#This Row],[Hora de início]]),MONTH(Table1[[#This Row],[Hora de início]])) -> 2025/03 | J7: =VLOOKUP(Table1[[#This Row],[Área avaliada]],Endereços!A:B,2,0) -> Picking Baixo Giro | K7: =VLOOKUP(Table1[[#This Row],[Nome do avaliador ]],M:N,2,0) -> A | M7: JOSÉ GILNEI | N7: B
A8: 7 | B8: 45735.454 | C8: 45735.456 | D8: RAFAEL | E8: Picking Alto Giro | G8: =VLOOKUP(F8,Produtos!A:B,2,FALSE) -> #N/A | H8: Microfuro | I8: =YEAR(Table1[[#This Row],[Hora de início]])&"/"&IF(MONTH(Table1[[#This Row],[Hora de início]])<10,"0"&MONTH(Table1[[#This Row],[Hora de início]]),MONTH(Table1[[#This Row],[Hora de início]])) -> 2025/03 | J8: =VLOOKUP(Table1[[#This Row],[Área avaliada]],Endereços!A:B,2,0) -> Picking Alto Giro | K8: A | M8: RAFAEL | N8: A
A9: 8 | B9: 45735.456 | C9: 45735.457 | D9: NARCISO | E9: Picking Baixo Giro | G9: =VLOOKUP(F9,Produtos!A:B,2,FALSE) -> #N/A | H9: Microfuro | I9: =YEAR(Table1[[#This Row],[Hora de início]])&"/"&IF(MONTH(Table1[[#This Row],[Hora de início]])<10,"0"&MONTH(Table1[[#This Row],[Hora de início]]),MONTH(Table1[[#This Row],[Hora de início]])) -> 2025/03 | J9: =VLOOKUP(Table1[[#This Row],[Área avaliada]],Endereços!A:B,2,0) -> Picking Baixo Giro | K9: =VLOOKUP(Table1[[#This Row],[Nome do avaliador ]],M:N,2,0) -> A | M9: NARCISO | N9: A
A10: 9 | B10: 45735.457 | C10: 45735.458 | D10: JHOSLLEY | E10: Marketplace | G10: =VLOOKUP(F10,Produtos!A:B,2,FALSE) -> #N/A | H10: Filme rasgado | I10: =YEAR(Table1[[#This Row],[Hora de início]])&"/"&IF(MONTH(Table1[[#This Row],[Hora de início]])<10,"0"&MONTH(Table1[[#This Row],[Hora de início]]),MONTH(Table1[[#This Row],[Hora de início]])) -> 2025/03 | J10: =VLOOKUP(Table1[[#This Row],[Área avaliada]],Endereços!A:B,2,0) -> Área Vermelho | K10: A | M10: BRUNO | N10: B
A11: 10 | B11: 45735.458 | C11: 45735.458 | D11: LUCIANE | E11: Reg2RGB | G11: =VLOOKUP(F11,Produtos!A:B,2,FALSE) -> #N/A | H11: Filme rasgado | I11: =YEAR(Table1[[#This Row],[Hora de início]])&"/"&IF(MONTH(Table1[[#This Row],[Hora de início]])<10,"0"&MONTH(Table1[[#This Row],[Hora de início]]),MONTH(Table1[[#This Row],[Hora de início]])) -> 2025/03 | J11: =VLOOKUP(Table1[[#This Row],[Área avaliada]],Endereços!A:B,2,0) -> Área Azul | K11: =VLOOKUP(Table1[[#This Row],[Nome do avaliador ]],M:N,2,0) -> A | M11: KETLYN | N11: A
A12: 11 | B12: 45735.459 | C12: 45735.46 | D12: BRUNO | E12: RACK01 | G12: =VLOOKUP(F12,Produtos!A:B,2,FALSE) -> #N/A | H12: Filme rasgado | I12: =YEAR(Table1[[#This Row],[Hora de início]])&"/"&IF(MONTH(Table1[[#This Row],[Hora de início]])<10,"0"&MONTH(Table1[[#This Row],[Hora de início]]),MONTH(Table1[[#This Row],[Hora de início]])) -> 2025/03 | J12: =VLOOKUP(Table1[[#This Row],[Área avaliada]],Endereços!A:B,2,0) -> Área Verde | K12: =VLOOKUP(Table1[[#This Row],[Nome do avaliador ]],M:N,2,0) -> B | M12: TAINÁ | N12: A
A13: 12 | B13: 45735.46 | C13: 45735.461 | D13: CARLOS | E13: Reg4Lata | G13: =VLOOKUP(F13,Produtos!A:B,2,FALSE) -> #N/A | H13: Filme rasgado | I13: =YEAR(Table1[[#This Row],[Hora de início]])&"/"&IF(MONTH(Table1[[#This Row],[Hora de início]])<10,"0"&MONTH(Table1[[#This Row],[Hora de início]]),MONTH(Table1[[#This Row],[Hora de início]])) -> 2025/03 | J13: =VLOOKUP(Table1[[#This Row],[Área avaliada]],Endereços!A:B,2,0) -> Área Azul | K13: =VLOOKUP(Table1[[#This Row],[Nome do avaliador ]],M:N,2,0) -> B | M13: MARCIO | N13: C
A14: 13 | B14: 45735.461 | C14: 45735.462 | D14: GILBERTO | E14: RegPET | G14: =VLOOKUP(F14,Produtos!A:B,2,FALSE) -> #N/A | H14: Filme rasgado | I14: =YEAR(Table1[[#This Row],[Hora de início]])&"/"&IF(MONTH(Table1[[#This Row],[Hora de início]])<10,"0"&MONTH(Table1[[#This Row],[Hora de início]]),MONTH(Table1[[#This Row],[Hora de início]])) -> 2025/03 | J14: =VLOOKUP(Table1[[#This Row],[Área avaliada]],Endereços!A:B,2,0) -> Área Azul | K14: B | M14: FÁBIO | N14: C
A15: 14 | B15: 45735.462 | C15: 45735.463 | D15: RODRIGO | E15: RACK01 | G15: =VLOOKUP(F15,Produtos!A:B,2,FALSE) -> #N/A | H15: Filme rasgado | I15: =YEAR(Table1[[#This Row],[Hora de início]])&"/"&IF(MONTH(Table1[[#This Row],[Hora de início]])<10,"0"&MONTH(Table1[[#This Row],[Hora de início]]),MONTH(Table1[[#This Row],[Hora de início]])) -> 2025/03 | J15: =VLOOKUP(Table1[[#This Row],[Área avaliada]],Endereços!A:B,2,0) -> Área Verde | K15: =VLOOKUP(Table1[[#This Row],[Nome do avaliador ]],M:N,2,0) -> C | M15: JOSÉ | N15: B
A16: 15 | B16: 45735.463 | C16: 45735.465 | D16: MARCIO | E16: Picking Baixo Giro | G16: =VLOOKUP(F16,Produtos!A:B,2,FALSE) -> #N/A | H16: Filme rasgado | I16: =YEAR(Table1[[#This Row],[Hora de início]])&"/"&IF(MONTH(Table1[[#This Row],[Hora de início]])<10,"0"&MONTH(Table1[[#This Row],[Hora de início]]),MONTH(Table1[[#This Row],[Hora de início]])) -> 2025/03 | J16: =VLOOKUP(Table1[[#This Row],[Área avaliada]],Endereços!A:B,2,0) -> Picking Baixo Giro | K16: =VLOOKUP(Table1[[#This Row],[Nome do avaliador ]],M:N,2,0) -> C | M16: CLEBER | N16: C
A17: 16 | B17: 45735.465 | C17: 45735.466 | D17: LAISA | E17: Picking Alto Giro | G17: =VLOOKUP(F17,Produtos!A:B,2,FALSE) -> #N/A | H17: Filme rasgado | I17: =YEAR(Table1[[#This Row],[Hora de início]])&"/"&IF(MONTH(Table1[[#This Row],[Hora de início]])<10,"0"&MONTH(Table1[[#This Row],[Hora de início]]),MONTH(Table1[[#This Row],[Hora de início]])) -> 2025/03 | J17: =VLOOKUP(Table1[[#This Row],[Área avaliada]],Endereços!A:B,2,0) -> Picking Alto Giro | K17: =VLOOKUP(Table1[[#This Row],[Nome do avaliador ]],M:N,2,0) -> A | M17: RODRIGO | N17: C
A18: 17 | B18: 45735.466 | C18: 45735.467 | D18: JOSÉ GILNEI | E18: Picking Baixo Giro | G18: =VLOOKUP(F18,Produtos!A:B,2,FALSE) -> #N/A | H18: Filme rasgado | I18: =YEAR(Table1[[#This Row],[Hora de início]])&"/"&IF(MONTH(Table1[[#This Row],[Hora de início]])<10,"0"&MONTH(Table1[[#This Row],[Hora de início]]),MONTH(Table1[[#This Row],[Hora de início]])) -> 2025/03 | J18: =VLOOKUP(Table1[[#This Row],[Área avaliada]],Endereços!A:B,2,0) -> Picking Baixo Giro | K18: =VLOOKUP(Table1[[#This Row],[Nome do avaliador ]],M:N,2,0) -> B | M18: EDURADO | N18: B
A19: 18 | B19: 45735.467 | C19: 45735.468 | D19: FÁBIO | E19: RegPET | G19: =VLOOKUP(F19,Produtos!A:B,2,FALSE) -> #N/A | H19: Filme rasgado | I19: =YEAR(Table1[[#This Row],[Hora de início]])&"/"&IF(MONTH(Table1[[#This Row],[Hora de início]])<10,"0"&MONTH(Table1[[#This Row],[Hora de início]]),MONTH(Table1[[#This Row],[Hora de início]])) -> 2025/03 | J19: =VLOOKUP(Table1[[#This Row],[Área avaliada]],Endereços!A:B,2,0) -> Área Azul | K19: =VLOOKUP(Table1[[#This Row],[Nome do avaliador ]],M:N,2,0) -> C | M19: ROGÉRIO | N19: B
A20: 19 | B20: 45735.468 | C20: 45735.469 | D20: KETLYN | E20: RACK01 | G20: =VLOOKUP(F20,Produtos!A:B,2,FALSE) -> #N/A | H20: Filme rasgado | I20: =YEAR(Table1[[#This Row],[Hora de início]])&"/"&IF(MONTH(Table1[[#This Row],[Hora de início]])<10,"0"&MONTH(Table1[[#This Row],[Hora de início]]),MONTH(Table1[[#This Row],[Hora de início]])) -> 2025/03 | J20: =VLOOKUP(Table1[[#This Row],[Área avaliada]],Endereços!A:B,2,0) -> Área Verde | K20: =VLOOKUP(Table1[[#This Row],[Nome do avaliador ]],M:N,2,0) -> A | M20: GABRIEL | N20: B
A21: 20 | B21: 45735.469 | C21: 45735.469 | D21: CLEBER | E21: Picking Alto Giro | G21: =VLOOKUP(F21,Produtos!A:B,2,FALSE) -> #N/A | H21: Filme rasgado | I21: =YEAR(Table1[[#This Row],[Hora de início]])&"/"&IF(MONTH(Table1[[#This Row],[Hora de início]])<10,"0"&MONTH(Table1[[#This Row],[Hora de início]]),MONTH(Table1[[#This Row],[Hora de início]])) -> 2025/03 | J21: =VLOOKUP(Table1[[#This Row],[Área avaliada]],Endereços!A:B,2,0) -> Picking Alto Giro | K21: =VLOOKUP(Table1[[#This Row],[Nome do avaliador ]],M:N,2,0) -> C
A22: 21 | B22: 45735.469 | C22: 45735.47 | D22: TAINÁ | E22: Reg4Lata | G22: =VLOOKUP(F22,Produtos!A:B,2,FALSE) -> #N/A | H22: Filme rasgado | I22: =YEAR(Table1[[#This Row],[Hora de início]])&"/"&IF(MONTH(Table1[[#This Row],[Hora de início]])<10,"0"&MONTH(Table1[[#This Row],[Hora de início]]),MONTH(Table1[[#This Row],[Hora de início]])) -> 2025/03 | J22: =VLOOKUP(Table1[[#This Row],[Área avaliada]],Endereços!A:B,2,0) -> Área Azul | K22: =VLOOKUP(Table1[[#This Row],[Nome do avaliador ]],M:N,2,0) -> A
A23: 22 | B23: 45737.672 | C23: 45737.675 | D23: TAINÁ | E23: Reg4Lata | G23: =VLOOKUP(F23,Produtos!A:B,2,FALSE) -> #N/A | H23: Filme rasgado | I23: =YEAR(Table1[[#This Row],[Hora de início]])&"/"&IF(MONTH(Table1[[#This Row],[Hora de início]])<10,"0"&MONTH(Table1[[#This Row],[Hora de início]]),MONTH(Table1[[#This Row],[Hora de início]])) -> 2025/03 | J23: =VLOOKUP(Table1[[#This Row],[Área avaliada]],Endereços!A:B,2,0) -> Área Azul | K23: =VLOOKUP(Table1[[#This Row],[Nome do avaliador ]],M:N,2,0) -> A
A24: 23 | B24: 45737.676 | C24: 45737.678 | D24: TAINÁ | E24: Reg4Lata | G24: =VLOOKUP(F24,Produtos!A:B,2,FALSE) -> #N/A | H24: Avaria | I24: =YEAR(Table1[[#This Row],[Hora de início]])&"/"&IF(MONTH(Table1[[#This Row],[Hora de início]])<10,"0"&MONTH(Table1[[#This Row],[Hora de início]]),MONTH(Table1[[#This Row],[Hora de início]])) -> 2025/03 | J24: =VLOOKUP(Table1[[#This Row],[Área avaliada]],Endereços!A:B,2,0) -> Área Azul | K24: =VLOOKUP(Table1[[#This Row],[Nome do avaliador ]],M:N,2,0) -> A
A25: 24 | B25: 45740.443 | C25: 45740.444 | D25: TAINÁ | E25: RegPET | G25: =VLOOKUP(F25,Produtos!A:B,2,FALSE) -> #N/A | H25: Avaria | I25: =YEAR(Table1[[#This Row],[Hora de início]])&"/"&IF(MONTH(Table1[[#This Row],[Hora de início]])<10,"0"&MONTH(Table1[[#This Row],[Hora de início]]),MONTH(Table1[[#This Row],[Hora de início]])) -> 2025/03 | J25: =VLOOKUP(Table1[[#This Row],[Área avaliada]],Endereços!A:B,2,0) -> Área Azul | K25: =VLOOKUP(Table1[[#This Row],[Nome do avaliador ]],M:N,2,0) -> A
A26: 25 | B26: 45747.86 | C26: 45747.867 | D26: BRUNO | E26: Picking Baixo Giro | G26: =VLOOKUP(F26,Produtos!A:B,2,FALSE) -> #N/A | H26: Avaria | I26: =YEAR(Table1[[#This Row],[Hora de início]])&"/"&IF(MONTH(Table1[[#This Row],[Hora de início]])<10,"0"&MONTH(Table1[[#This Row],[Hora de início]]),MONTH(Table1[[#This Row],[Hora de início]])) -> 2025/03 | J26: =VLOOKUP(Table1[[#This Row],[Área avaliada]],Endereços!A:B,2,0) -> Picking Baixo Giro | K26: =VLOOKUP(Table1[[#This Row],[Nome do avaliador ]],M:N,2,0) -> B
A27: 26 | B27: 45748.762 | C27: 45748.776 | D27: JOSÉ GILNEI | E27: Picking Alto Giro | G27: =VLOOKUP(F27,Produtos!A:B,2,FALSE) -> #N/A | H27: Avaria | I27: =YEAR(Table1[[#This Row],[Hora de início]])&"/"&IF(MONTH(Table1[[#This Row],[Hora de início]])<10,"0"&MONTH(Table1[[#This Row],[Hora de início]]),MONTH(Table1[[#This Row],[Hora de início]])) -> 2025/04 | J27: =VLOOKUP(Table1[[#This Row],[Área avaliada]],Endereços!A:B,2,0) -> Picking Alto Giro | K27: =VLOOKUP(Table1[[#This Row],[Nome do avaliador ]],M:N,2,0) -> B
A28: 27 | B28: 45751.709 | C28: 45751.731 | D28: LAISA | E28: Picking Baixo Giro | G28: =VLOOKUP(F28,Produtos!A:B,2,FALSE) -> #N/A | H28: Avaria | I28: =YEAR(Table1[[#This Row],[Hora de início]])&"/"&IF(MONTH(Table1[[#This Row],[Hora de início]])<10,"0"&MONTH(Table1[[#This Row],[Hora de início]]),MONTH(Table1[[#This Row],[Hora de início]])) -> 2025/04 | J28: =VLOOKUP(Table1[[#This Row],[Área avaliada]],Endereços!A:B,2,0) -> Picking Baixo Giro | K28: =VLOOKUP(Table1[[#This Row],[Nome do avaliador ]],M:N,2,0) -> A
A29: 28 | B29: 45757.818 | C29: 45757.832 | D29: JOSÉ GILNEI | E29: Marketplace | G29: =VLOOKUP(F29,Produtos!A:B,2,FALSE) -> #N/A | H29: Avaria | I29: =YEAR(Table1[[#This Row],[Hora de início]])&"/"&IF(MONTH(Table1[[#This Row],[Hora de início]])<10,"0"&MONTH(Table1[[#This Row],[Hora de início]]),MONTH(Table1[[#This Row],[Hora de início]])) -> 2025/04 | J29: =VLOOKUP(Table1[[#This Row],[Área avaliada]],Endereços!A:B,2,0) -> Área Vermelho | K29: =VLOOKUP(Table1[[#This Row],[Nome do avaliador ]],M:N,2,0) -> B
A30: 29 | B30: 45764.641 | C30: 45764.645 | D30: JOSÉ GILNEI | E30: Picking Alto Giro | G30: =VLOOKUP(F30,Produtos!A:B,2,FALSE) -> #N/A | H30: Avaria | I30: =YEAR(Table1[[#This Row],[Hora de início]])&"/"&IF(MONTH(Table1[[#This Row],[Hora de início]])<10,"0"&MONTH(Table1[[#This Row],[Hora de início]]),MONTH(Table1[[#This Row],[Hora de início]])) -> 2025/04 | J30: =VLOOKUP(Table1[[#This Row],[Área avaliada]],Endereços!A:B,2,0) -> Picking Alto Giro | K30: =VLOOKUP(Table1[[#This Row],[Nome do avaliador ]],M:N,2,0) -> B
A31: 30 | B31: 45764.705 | C31: 45764.707 | D31: BRUNO | E31: Camera F | G31: =VLOOKUP(F31,Produtos!A:B,2,FALSE) -> #N/A | H31: Avaria | I31: =YEAR(Table1[[#This Row],[Hora de início]])&"/"&IF(MONTH(Table1[[#This Row],[Hora de início]])<10,"0"&MONTH(Table1[[#This Row],[Hora de início]]),MONTH(Table1[[#This Row],[Hora de início]])) -> 2025/04 | J31: =VLOOKUP(Table1[[#This Row],[Área avaliada]],Endereços!A:B,2,0) -> Área Vermelho | K31: =VLOOKUP(Table1[[#This Row],[Nome do avaliador ]],M:N,2,0) -> B
A32: 31 | B32: 45765.606 | C32: 45765.608 | D32: LAISA | E32: Picking Baixo Giro | G32: =VLOOKUP(F32,Produtos!A:B,2,FALSE) -> #N/A | H32: Avaria | I32: =YEAR(Table1[[#This Row],[Hora de início]])&"/"&IF(MONTH(Table1[[#This Row],[Hora de início]])<10,"0"&MONTH(Table1[[#This Row],[Hora de início]]),MONTH(Table1[[#This Row],[Hora de início]])) -> 2025/04 | J32: =VLOOKUP(Table1[[#This Row],[Área avaliada]],Endereços!A:B,2,0) -> Picking Baixo Giro | K32: =VLOOKUP(Table1[[#This Row],[Nome do avaliador ]],M:N,2,0) -> A
... A36: 35 | B36: 45777.442 | C36: 45777.443 | D36: BRUNO | E36: Camera F | G36: =VLOOKUP(F36,Produtos!A:B,2,FALSE) -> #N/A | H36: Avaria | I36: =YEAR(Table1[[#This Row],[Hora de início]])&"/"&IF(MONTH(Table1[[#This Row],[Hora de início]])<10,"0"&MONTH(Table1[[#This Row],[Hora de início]]),MONTH(Table1[[#This Row],[Hora de início]])) -> 2025/04 | J36: =VLOOKUP(Table1[[#This Row],[Área avaliada]],Endereços!A:B,2,0) -> Área Vermelho | K36: =VLOOKUP(Table1[[#This Row],[Nome do avaliador ]],M:N,2,0) -> B
A37: 36 | B37: 45785.347 | C37: 45785.391 | D37: JHOSLLEY | E37: Reg4Lata | G37: =VLOOKUP(F37,Produtos!A:B,2,FALSE) -> #N/A | H37: Avaria | I37: =YEAR(Table1[[#This Row],[Hora de início]])&"/"&IF(MONTH(Table1[[#This Row],[Hora de início]])<10,"0"&MONTH(Table1[[#This Row],[Hora de início]]),MONTH(Table1[[#This Row],[Hora de início]])) -> 2025/05 | J37: =VLOOKUP(Table1[[#This Row],[Área avaliada]],Endereços!A:B,2,0) -> Área Azul | K37: A
A38: 37 | B38: 45785.394 | C38: 45785.395 | D38: JHOSLLEY | E38: Reg4Lata | G38: =VLOOKUP(F38,Produtos!A:B,2,FALSE) -> #N/A | H38: Avaria | I38: =YEAR(Table1[[#This Row],[Hora de início]])&"/"&IF(MONTH(Table1[[#This Row],[Hora de início]])<10,"0"&MONTH(Table1[[#This Row],[Hora de início]]),MONTH(Table1[[#This Row],[Hora de início]])) -> 2025/05 | J38: =VLOOKUP(Table1[[#This Row],[Área avaliada]],Endereços!A:B,2,0) -> Área Azul
A39: 38 | B39: 45785.395 | C39: 45785.396 | D39: JHOSLLEY | E39: Reg4Lata | G39: =VLOOKUP(F39,Produtos!A:B,2,FALSE) -> #N/A | H39: Avaria | I39: =YEAR(Table1[[#This Row],[Hora de início]])&"/"&IF(MONTH(Table1[[#This Row],[Hora de início]])<10,"0"&MONTH(Table1[[#This Row],[Hora de início]]),MONTH(Table1[[#This Row],[Hora de início]])) -> 2025/05 | J39: =VLOOKUP(Table1[[#This Row],[Área avaliada]],Endereços!A:B,2,0) -> Área Azul
A40: 39 | B40: 45785.399 | C40: 45785.399 | D40: JHOSLLEY | E40: Reg4Lata | G40: =VLOOKUP(F40,Produtos!A:B,2,FALSE) -> #N/A | H40: Avaria | I40: =YEAR(Table1[[#This Row],[Hora de início]])&"/"&IF(MONTH(Table1[[#This Row],[Hora de início]])<10,"0"&MONTH(Table1[[#This Row],[Hora de início]]),MONTH(Table1[[#This Row],[Hora de início]])) -> 2025/05 | J40: =VLOOKUP(Table1[[#This Row],[Área avaliada]],Endereços!A:B,2,0) -> Área Azul
A41: 40 | B41: 45785.402 | C41: 45785.402 | D41: JHOSLLEY | E41: Reg4Lata | G41: =VLOOKUP(F41,Produtos!A:B,2,FALSE) -> #N/A | H41: Avaria | I41: =YEAR(Table1[[#This Row],[Hora de início]])&"/"&IF(MONTH(Table1[[#This Row],[Hora de início]])<10,"0"&MONTH(Table1[[#This Row],[Hora de início]]),MONTH(Table1[[#This Row],[Hora de início]])) -> 2025/05 | J41: =VLOOKUP(Table1[[#This Row],[Área avaliada]],Endereços!A:B,2,0) -> Área Azul
A42: 41 | B42: 45785.403 | C42: 45785.404 | D42: JHOSLLEY | E42: Reg4Lata | G42: =VLOOKUP(F42,Produtos!A:B,2,FALSE) -> #N/A | H42: Avaria | I42: =YEAR(Table1[[#This Row],[Hora de início]])&"/"&IF(MONTH(Table1[[#This Row],[Hora de início]])<10,"0"&MONTH(Table1[[#This Row],[Hora de início]]),MONTH(Table1[[#This Row],[Hora de início]])) -> 2025/05 | J42: =VLOOKUP(Table1[[#This Row],[Área avaliada]],Endereços!A:B,2,0) -> Área Azul
A43: 42 | B43: 45785.407 | C43: 45785.408 | D43: JHOSLLEY | E43: Reg4Lata | G43: =VLOOKUP(F43,Produtos!A:B,2,FALSE) -> #N/A | H43: Avaria | I43: =YEAR(Table1[[#This Row],[Hora de início]])&"/"&IF(MONTH(Table1[[#This Row],[Hora de início]])<10,"0"&MONTH(Table1[[#This Row],[Hora de início]]),MONTH(Table1[[#This Row],[Hora de início]])) -> 2025/05 | J43: =VLOOKUP(Table1[[#This Row],[Área avaliada]],Endereços!A:B,2,0) -> Área Azul
A44: 43 | B44: 45785.408 | C44: 45785.408 | D44: JHOSLLEY | E44: Reg4Lata | G44: =VLOOKUP(F44,Produtos!A:B,2,FALSE) -> #N/A | H44: Avaria | I44: =YEAR(Table1[[#This Row],[Hora de início]])&"/"&IF(MONTH(Table1[[#This Row],[Hora de início]])<10,"0"&MONTH(Table1[[#This Row],[Hora de início]]),MONTH(Table1[[#This Row],[Hora de início]])) -> 2025/05 | J44: =VLOOKUP(Table1[[#This Row],[Área avaliada]],Endereços!A:B,2,0) -> Área Azul
A45: 44 | B45: 45785.41 | C45: 45785.411 | D45: JHOSLLEY | E45: Reg4Lata | G45: =VLOOKUP(F45,Produtos!A:B,2,FALSE) -> #N/A | H45: Avaria | I45: =YEAR(Table1[[#This Row],[Hora de início]])&"/"&IF(MONTH(Table1[[#This Row],[Hora de início]])<10,"0"&MONTH(Table1[[#This Row],[Hora de início]]),MONTH(Table1[[#This Row],[Hora de início]])) -> 2025/05 | J45: =VLOOKUP(Table1[[#This Row],[Área avaliada]],Endereços!A:B,2,0) -> Área Azul
A46: 45 | B46: 45785.412 | C46: 45785.412 | D46: JHOSLLEY | E46: Reg4Lata | G46: =VLOOKUP(F46,Produtos!A:B,2,FALSE) -> #N/A | H46: Avaria | I46: =YEAR(Table1[[#This Row],[Hora de início]])&"/"&IF(MONTH(Table1[[#This Row],[Hora de início]])<10,"0"&MONTH(Table1[[#This Row],[Hora de início]]),MONTH(Table1[[#This Row],[Hora de início]])) -> 2025/05 | J46: =VLOOKUP(Table1[[#This Row],[Área avaliada]],Endereços!A:B,2,0) -> Área Azul
A47: 46 | B47: 45785.412 | C47: 45785.413 | D47: JHOSLLEY | E47: Reg4Lata | G47: =VLOOKUP(F47,Produtos!A:B,2,FALSE) -> #N/A | H47: Avaria | I47: =YEAR(Table1[[#This Row],[Hora de início]])&"/"&IF(MONTH(Table1[[#This Row],[Hora de início]])<10,"0"&MONTH(Table1[[#This Row],[Hora de início]]),MONTH(Table1[[#This Row],[Hora de início]])) -> 2025/05 | J47: =VLOOKUP(Table1[[#This Row],[Área avaliada]],Endereços!A:B,2,0) -> Área Azul
A48: 47 | B48: 45785.418 | C48: 45785.419 | D48: JHOSLLEY | E48: Reg2RGB | G48: =VLOOKUP(F48,Produtos!A:B,2,FALSE) -> #N/A | H48: Avaria | I48: =YEAR(Table1[[#This Row],[Hora de início]])&"/"&IF(MONTH(Table1[[#This Row],[Hora de início]])<10,"0"&MONTH(Table1[[#This Row],[Hora de início]]),MONTH(Table1[[#This Row],[Hora de início]])) -> 2025/05 | J48: =VLOOKUP(Table1[[#This Row],[Área avaliada]],Endereços!A:B,2,0) -> Área Azul
A49: 48 | B49: 45785.42 | C49: 45785.421 | D49: JHOSLLEY | E49: Reg1RGBL | G49: =VLOOKUP(F49,Produtos!A:B,2,FALSE) -> #N/A | H49: Avaria | I49: =YEAR(Table1[[#This Row],[Hora de início]])&"/"&IF(MONTH(Table1[[#This Row],[Hora de início]])<10,"0"&MONTH(Table1[[#This Row],[Hora de início]]),MONTH(Table1[[#This Row],[Hora de início]])) -> 2025/05 | J49: =VLOOKUP(Table1[[#This Row],[Área avaliada]],Endereços!A:B,2,0) -> Área Verde
... A52: 51 | B52: 45785.425 | C52: 45785.426 | D52: JHOSLLEY | E52: Reg2RGB | G52: =VLOOKUP(F52,Produtos!A:B,2,FALSE) -> #N/A | H52: Avaria | I52: =YEAR(Table1[[#This Row],[Hora de início]])&"/"&IF(MONTH(Table1[[#This Row],[Hora de início]])<10,"0"&MONTH(Table1[[#This Row],[Hora de início]]),MONTH(Table1[[#This Row],[Hora de início]])) -> 2025/05 | J52: =VLOOKUP(Table1[[#This Row],[Área avaliada]],Endereços!A:B,2,0) -> Área Azul
A53: 52 | B53: 45785.65 | C53: 45785.663 | D53: JOSÉ GILNEI | E53: Picking Baixo Giro | G53: =VLOOKUP(F53,Produtos!A:B,2,FALSE) -> #N/A | H53: Avaria | I53: =YEAR(Table1[[#This Row],[Hora de início]])&"/"&IF(MONTH(Table1[[#This Row],[Hora de início]])<10,"0"&MONTH(Table1[[#This Row],[Hora de início]]),MONTH(Table1[[#This Row],[Hora de início]])) -> 2025/05 | J53: =VLOOKUP(Table1[[#This Row],[Área avaliada]],Endereços!A:B,2,0) -> Picking Baixo Giro | K53: =VLOOKUP(Table1[[#This Row],[Nome do avaliador ]],M:N,2,0) -> B
A54: 53 | B54: 45786.342 | C54: 45786.344 | D54: JHOSLLEY | E54: Reg4Lata | G54: =VLOOKUP(F54,Produtos!A:B,2,FALSE) -> #N/A | H54: Avaria | I54: =YEAR(Table1[[#This Row],[Hora de início]])&"/"&IF(MONTH(Table1[[#This Row],[Hora de início]])<10,"0"&MONTH(Table1[[#This Row],[Hora de início]]),MONTH(Table1[[#This Row],[Hora de início]])) -> 2025/05 | J54: =VLOOKUP(Table1[[#This Row],[Área avaliada]],Endereços!A:B,2,0) -> Área Azul
A55: 54 | B55: 45786.344 | C55: 45786.344 | D55: JHOSLLEY | E55: Reg4Lata | G55: =VLOOKUP(F55,Produtos!A:B,2,FALSE) -> #N/A | H55: Avaria | I55: =YEAR(Table1[[#This Row],[Hora de início]])&"/"&IF(MONTH(Table1[[#This Row],[Hora de início]])<10,"0"&MONTH(Table1[[#This Row],[Hora de início]]),MONTH(Table1[[#This Row],[Hora de início]])) -> 2025/05 | J55: =VLOOKUP(Table1[[#This Row],[Área avaliada]],Endereços!A:B,2,0) -> Área Azul
A56: 55 | B56: 45786.346 | C56: 45786.347 | D56: JHOSLLEY | E56: RegPET | G56: =VLOOKUP(F56,Produtos!A:B,2,FALSE) -> #N/A | H56: Avaria | I56: =YEAR(Table1[[#This Row],[Hora de início]])&"/"&IF(MONTH(Table1[[#This Row],[Hora de início]])<10,"0"&MONTH(Table1[[#This Row],[Hora de início]]),MONTH(Table1[[#This Row],[Hora de início]])) -> 2025/05 | J56: =VLOOKUP(Table1[[#This Row],[Área avaliada]],Endereços!A:B,2,0) -> Área Azul
A57: 56 | B57: 45786.349 | C57: 45786.35 | D57: JHOSLLEY | E57: Reg4Lata | G57: =VLOOKUP(F57,Produtos!A:B,2,FALSE) -> #N/A | H57: Avaria | I57: =YEAR(Table1[[#This Row],[Hora de início]])&"/"&IF(MONTH(Table1[[#This Row],[Hora de início]])<10,"0"&MONTH(Table1[[#This Row],[Hora de início]]),MONTH(Table1[[#This Row],[Hora de início]])) -> 2025/05 | J57: =VLOOKUP(Table1[[#This Row],[Área avaliada]],Endereços!A:B,2,0) -> Área Azul
A58: 57 | B58: 45787.472 | C58: 45787.474 | D58: RAFAEL | E58: Camera F | G58: =VLOOKUP(F58,Produtos!A:B,2,FALSE) -> #N/A | H58: Avaria | I58: =YEAR(Table1[[#This Row],[Hora de início]])&"/"&IF(MONTH(Table1[[#This Row],[Hora de início]])<10,"0"&MONTH(Table1[[#This Row],[Hora de início]]),MONTH(Table1[[#This Row],[Hora de início]])) -> 2025/05 | J58: =VLOOKUP(Table1[[#This Row],[Área avaliada]],Endereços!A:B,2,0) -> Área Vermelho | K58: =VLOOKUP(Table1[[#This Row],[Nome do avaliador ]],M:N,2,0) -> A
A59: 58 | B59: 45789.399 | C59: 45789.4 | D59: JHOSLLEY | E59: Reg4Lata | F59: 9089 | G59: =VLOOKUP(F59,Produtos!A:B,2,FALSE) -> SUKITA LATA 350ML SH C/12 NPAL | H59: Produto avariado-embal.primária | I59: =YEAR(Table1[[#This Row],[Hora de início]])&"/"&IF(MONTH(Table1[[#This Row],[Hora de início]])<10,"0"&MONTH(Table1[[#This Row],[Hora de início]]),MONTH(Table1[[#This Row],[Hora de início]])) -> 2025/05 | J59: =VLOOKUP(Table1[[#This Row],[Área avaliada]],Endereços!A:B,2,0) -> Área Azul
A60: 59 | B60: 45789.401 | C60: 45789.402 | D60: JHOSLLEY | E60: Reg4Lata | F60: 9087 | G60: =VLOOKUP(F60,Produtos!A:B,2,FALSE) -> SODA LIMONADA ANTAR LT350ML SH C/12 NPAL | H60: Produto avariado-embal.primária | I60: =YEAR(Table1[[#This Row],[Hora de início]])&"/"&IF(MONTH(Table1[[#This Row],[Hora de início]])<10,"0"&MONTH(Table1[[#This Row],[Hora de início]]),MONTH(Table1[[#This Row],[Hora de início]])) -> 2025/05 | J60: =VLOOKUP(Table1[[#This Row],[Área avaliada]],Endereços!A:B,2,0) -> Área Azul
A61: 60 | B61: 45789.402 | C61: 45789.403 | D61: JHOSLLEY | E61: Reg4Lata | F61: 20651 | G61: =VLOOKUP(F61,Produtos!A:B,2,FALSE) -> CORONA N LT SLEEK 350ML CX 8 | H61: Produto avariado-embal.primária | I61: =YEAR(Table1[[#This Row],[Hora de início]])&"/"&IF(MONTH(Table1[[#This Row],[Hora de início]])<10,"0"&MONTH(Table1[[#This Row],[Hora de início]]),MONTH(Table1[[#This Row],[Hora de início]])) -> 2025/05 | J61: =VLOOKUP(Table1[[#This Row],[Área avaliada]],Endereços!A:B,2,0) -> Área Azul
A62: 61 | B62: 45789.404 | C62: 45789.405 | D62: JHOSLLEY | E62: Reg4Lata | F62: 17808 | G62: =VLOOKUP(F62,Produtos!A:B,2,FALSE) -> BUDWEISER OW 330ML CX C 24 | H62: Produto avariado-embal.primária | I62: =YEAR(Table1[[#This Row],[Hora de início]])&"/"&IF(MONTH(Table1[[#This Row],[Hora de início]])<10,"0"&MONTH(Table1[[#This Row],[Hora de início]]),MONTH(Table1[[#This Row],[Hora de início]])) -> 2025/05 | J62: =VLOOKUP(Table1[[#This Row],[Área avaliada]],Endereços!A:B,2,0) -> Área Azul
A63: 62 | B63: 45789.406 | C63: 45789.407 | D63: JHOSLLEY | E63: Reg4Lata | F63: 20498 | G63: =VLOOKUP(F63,Produtos!A:B,2,FALSE) -> BRAHMA DUPLO MALTE LT SLEEK 350ML SH C12 | H63: Produto avariado-embal.primária | I63: =YEAR(Table1[[#This Row],[Hora de início]])&"/"&IF(MONTH(Table1[[#This Row],[Hora de início]])<10,"0"&MONTH(Table1[[#This Row],[Hora de início]]),MONTH(Table1[[#This Row],[Hora de início]])) -> 2025/05 | J63: =VLOOKUP(Table1[[#This Row],[Área avaliada]],Endereços!A:B,2,0) -> Área Azul
A64: 63 | B64: 45789.648 | C64: 45789.655 | D64: JOSÉ GILNEI | E64: Picking Baixo Giro | G64: =VLOOKUP(F64,Produtos!A:B,2,FALSE) -> #N/A | H64: Produto avariado-embal.primária | I64: =YEAR(Table1[[#This Row],[Hora de início]])&"/"&IF(MONTH(Table1[[#This Row],[Hora de início]])<10,"0"&MONTH(Table1[[#This Row],[Hora de início]]),MONTH(Table1[[#This Row],[Hora de início]])) -> 2025/05 | J64: =VLOOKUP(Table1[[#This Row],[Área avaliada]],Endereços!A:B,2,0) -> Picking Baixo Giro | K64: =VLOOKUP(Table1[[#This Row],[Nome do avaliador ]],M:N,2,0) -> B
A65: 64 | B65: 45790.39 | C65: 45790.395 | D65: LUCIANE | E65: Reg4Lata | F65: 2353 | G65: =VLOOKUP(F65,Produtos!A:B,2,FALSE) -> GUARANA CHP ANTARCTICA DIET PET 2L CXC/6 | H65: Produto avariado/embal.segundária | I65: =YEAR(Table1[[#This Row],[Hora de início]])&"/"&IF(MONTH(Table1[[#This Row],[Hora de início]])<10,"0"&MONTH(Table1[[#This Row],[Hora de início]]),MONTH(Table1[[#This Row],[Hora de início]])) -> 2025/05 | J65: =VLOOKUP(Table1[[#This Row],[Área avaliada]],Endereços!A:B,2,0) -> Área Azul | K65: =VLOOKUP(Table1[[#This Row],[Nome do avaliador ]],M:N,2,0) -> A
A66: 65 | B66: 45790.398 | C66: 45790.4 | D66: LUCIANE | E66: Reg4Lata | G66: =VLOOKUP(F66,Produtos!A:B,2,FALSE) -> #N/A | H66: Produto avariado/embal.segundária | I66: =YEAR(Table1[[#This Row],[Hora de início]])&"/"&IF(MONTH(Table1[[#This Row],[Hora de início]])<10,"0"&MONTH(Table1[[#This Row],[Hora de início]]),MONTH(Table1[[#This Row],[Hora de início]])) -> 2025/05 | J66: =VLOOKUP(Table1[[#This Row],[Área avaliada]],Endereços!A:B,2,0) -> Área Azul | K66: =VLOOKUP(Table1[[#This Row],[Nome do avaliador ]],M:N,2,0) -> A
A67: 66 | B67: 45790.402 | C67: 45790.404 | D67: LUCIANE | E67: Reg4Lata | F67: 28137 | G67: =VLOOKUP(F67,Produtos!A:B,2,FALSE) -> SKOL BT CAIPIRINHA LT 269ML CX CA C/8 NP | H67: Microfuro | I67: =YEAR(Table1[[#This Row],[Hora de início]])&"/"&IF(MONTH(Table1[[#This Row],[Hora de início]])<10,"0"&MONTH(Table1[[#This Row],[Hora de início]]),MONTH(Table1[[#This Row],[Hora de início]])) -> 2025/05 | J67: =VLOOKUP(Table1[[#This Row],[Área avaliada]],Endereços!A:B,2,0) -> Área Azul | K67: =VLOOKUP(Table1[[#This Row],[Nome do avaliador ]],M:N,2,0) -> A
A68: 67 | B68: 45790.404 | C68: 45790.405 | D68: LUCIANE | E68: Reg4Lata | F68: 33734 | G68: =VLOOKUP(F68,Produtos!A:B,2,FALSE) -> BEATS RED MIX LT 269ML SH C/8 | H68: Microfuro | I68: =YEAR(Table1[[#This Row],[Hora de início]])&"/"&IF(MONTH(Table1[[#This Row],[Hora de início]])<10,"0"&MONTH(Table1[[#This Row],[Hora de início]]),MONTH(Table1[[#This Row],[Hora de início]])) -> 2025/05 | J68: =VLOOKUP(Table1[[#This Row],[Área avaliada]],Endereços!A:B,2,0) -> Área Azul | K68: =VLOOKUP(Table1[[#This Row],[Nome do avaliador ]],M:N,2,0) -> A
A69: 68 | B69: 45790.407 | C69: 45790.408 | D69: LUCIANE | E69: Reg4Lata | F69: 22180 | G69: =VLOOKUP(F69,Produtos!A:B,2,FALSE) -> BUDWEISER ZERO LN 330ML SIX-PACK SH C/4 | H69: Produto avariado/embal.segundária | I69: =YEAR(Table1[[#This Row],[Hora de início]])&"/"&IF(MONTH(Table1[[#This Row],[Hora de início]])<10,"0"&MONTH(Table1[[#This Row],[Hora de início]]),MONTH(Table1[[#This Row],[Hora de início]])) -> 2025/05 | J69: =VLOOKUP(Table1[[#This Row],[Área avaliada]],Endereços!A:B,2,0) -> Área Azul | K69: =VLOOKUP(Table1[[#This Row],[Nome do avaliador ]],M:N,2,0) -> A
A70: 69 | B70: 45791.606 | C70: 45791.607 | D70: JHOSLLEY | E70: Reg4Lata | F70: 9274 | G70: =VLOOKUP(F70,Produtos!A:B,2,FALSE) -> PEPSI ZERO LATA 350ML SH C/12 NPAL | H70: Produto avariado-embal.primária | I70: =YEAR(Table1[[#This Row],[Hora de início]])&"/"&IF(MONTH(Table1[[#This Row],[Hora de início]])<10,"0"&MONTH(Table1[[#This Row],[Hora de início]]),MONTH(Table1[[#This Row],[Hora de início]])) -> 2025/05 | J70: =VLOOKUP(Table1[[#This Row],[Área avaliada]],Endereços!A:B,2,0) -> Área Azul | K70: A
A71: 70 | B71: 45791.614 | C71: 45791.615 | D71: JHOSLLEY | E71: Reg4Lata | F71: 14135 | G71: =VLOOKUP(F71,Produtos!A:B,2,FALSE) -> BUDWEISER LT 473ML SIX-PACK SH C/2 NPAL | H71: Produto avariado-embal.primária | I71: =YEAR(Table1[[#This Row],[Hora de início]])&"/"&IF(MONTH(Table1[[#This Row],[Hora de início]])<10,"0"&MONTH(Table1[[#This Row],[Hora de início]]),MONTH(Table1[[#This Row],[Hora de início]])) -> 2025/05 | J71: =VLOOKUP(Table1[[#This Row],[Área avaliada]],Endereços!A:B,2,0) -> Área Azul | K71: A
A72: 71 | B72: 45794.253 | C72: 45794.253 | D72: JHOSLLEY | E72: RegPET | F72: 9084 | G72: =VLOOKUP(F72,Produtos!A:B,2,FALSE) -> GUARANA CHP ANTARCT LT350ML SH C/12 NPAL | H72: Produto avariado-embal.primária | I72: =YEAR(Table1[[#This Row],[Hora de início]])&"/"&IF(MONTH(Table1[[#This Row],[Hora de início]])<10,"0"&MONTH(Table1[[#This Row],[Hora de início]]),MONTH(Table1[[#This Row],[Hora de início]])) -> 2025/05 | J72: =VLOOKUP(Table1[[#This Row],[Área avaliada]],Endereços!A:B,2,0) -> Área Azul | K72: A
A73: 72 | B73: 45794.254 | C73: 45794.255 | D73: JHOSLLEY | E73: Reg4Lata | F73: 14135 | G73: =VLOOKUP(F73,Produtos!A:B,2,FALSE) -> BUDWEISER LT 473ML SIX-PACK SH C/2 NPAL | H73: Produto avariado-embal.primária | I73: =YEAR(Table1[[#This Row],[Hora de início]])&"/"&IF(MONTH(Table1[[#This Row],[Hora de início]])<10,"0"&MONTH(Table1[[#This Row],[Hora de início]]),MONTH(Table1[[#This Row],[Hora de início]])) -> 2025/05 | J73: =VLOOKUP(Table1[[#This Row],[Área avaliada]],Endereços!A:B,2,0) -> Área Azul | K73: A
A74: 73 | B74: 45794.258 | C74: 45794.259 | D74: JHOSLLEY | E74: Reg4Lata | F74: 20498 | G74: =VLOOKUP(F74,Produtos!A:B,2,FALSE) -> BRAHMA DUPLO MALTE LT SLEEK 350ML SH C12 | H74: Produto avariado-embal.primária | I74: =YEAR(Table1[[#This Row],[Hora de início]])&"/"&IF(MONTH(Table1[[#This Row],[Hora de início]])<10,"0"&MONTH(Table1[[#This Row],[Hora de início]]),MONTH(Table1[[#This Row],[Hora de início]])) -> 2025/05 | J74: =VLOOKUP(Table1[[#This Row],[Área avaliada]],Endereços!A:B,2,0) -> Área Azul | K74: A
A75: 74 | B75: 45794.259 | C75: 45794.26 | D75: JHOSLLEY | E75: Reg4Lata | F75: 17808 | G75: =VLOOKUP(F75,Produtos!A:B,2,FALSE) -> BUDWEISER OW 330ML CX C 24 | H75: Produto avariado-embal.primária | I75: =YEAR(Table1[[#This Row],[Hora de início]])&"/"&IF(MONTH(Table1[[#This Row],[Hora de início]])<10,"0"&MONTH(Table1[[#This Row],[Hora de início]]),MONTH(Table1[[#This Row],[Hora de início]])) -> 2025/05 | J75: =VLOOKUP(Table1[[#This Row],[Área avaliada]],Endereços!A:B,2,0) -> Área Azul | K75: A
A76: 75 | B76: 45794.447 | C76: 45794.448 | D76: RAFAEL | E76: Camera F | G76: =VLOOKUP(F76,Produtos!A:B,2,FALSE) -> #N/A | I76: =YEAR(Table1[[#This Row],[Hora de início]])&"/"&IF(MONTH(Table1[[#This Row],[Hora de início]])<10,"0"&MONTH(Table1[[#This Row],[Hora de início]]),MONTH(Table1[[#This Row],[Hora de início]])) -> 2025/05 | J76: =VLOOKUP(Table1[[#This Row],[Área avaliada]],Endereços!A:B,2,0) -> Área Vermelho | K76: =VLOOKUP(Table1[[#This Row],[Nome do avaliador ]],M:N,2,0) -> A
A77: 76 | B77: 45794.609 | C77: 45794.613 | D77: JOSÉ GILNEI | E77: Marketplace | G77: =VLOOKUP(F77,Produtos!A:B,2,FALSE) -> #N/A | H77: Lote e conformidade | I77: =YEAR(Table1[[#This Row],[Hora de início]])&"/"&IF(MONTH(Table1[[#This Row],[Hora de início]])<10,"0"&MONTH(Table1[[#This Row],[Hora de início]]),MONTH(Table1[[#This Row],[Hora de início]])) -> 2025/05 | J77: =VLOOKUP(Table1[[#This Row],[Área avaliada]],Endereços!A:B,2,0) -> Área Vermelho | K77: =VLOOKUP(Table1[[#This Row],[Nome do avaliador ]],M:N,2,0) -> B
A78: 77 | B78: 45797.381 | C78: 45797.382 | D78: JHOSLLEY | E78: Reg4Lata | F78: 7982 | G78: =VLOOKUP(F78,Produtos!A:B,2,FALSE) -> GATORADE LIMAO PET 500ML SIX PACK | H78: Palete quebrado | I78: =YEAR(Table1[[#This Row],[Hora de início]])&"/"&IF(MONTH(Table1[[#This Row],[Hora de início]])<10,"0"&MONTH(Table1[[#This Row],[Hora de início]]),MONTH(Table1[[#This Row],[Hora de início]])) -> 2025/05 | J78: =VLOOKUP(Table1[[#This Row],[Área avaliada]],Endereços!A:B,2,0) -> Área Azul | K78: A
A79: 78 | B79: 45797.386 | C79: 45797.386 | D79: JHOSLLEY | E79: Reg4Lata | F79: 17808 | G79: =VLOOKUP(F79,Produtos!A:B,2,FALSE) -> BUDWEISER OW 330ML CX C 24 | H79: Produto avariado-embal.primária | I79: =YEAR(Table1[[#This Row],[Hora de início]])&"/"&IF(MONTH(Table1[[#This Row],[Hora de início]])<10,"0"&MONTH(Table1[[#This Row],[Hora de início]]),MONTH(Table1[[#This Row],[Hora de início]])) -> 2025/05 | J79: =VLOOKUP(Table1[[#This Row],[Área avaliada]],Endereços!A:B,2,0) -> Área Azul | K79: A
A80: 79 | B80: 45798.408 | C80: 45798.408 | D80: JHOSLLEY | E80: Reg4Lata | F80: 32500 | G80: =VLOOKUP(F80,Produtos!A:B,2,FALSE) -> STELLA ART PUR GOLD LT SL 350ML C8 CX CT | H80: Produto avariado-embal.primária | I80: =YEAR(Table1[[#This Row],[Hora de início]])&"/"&IF(MONTH(Table1[[#This Row],[Hora de início]])<10,"0"&MONTH(Table1[[#This Row],[Hora de início]]),MONTH(Table1[[#This Row],[Hora de início]])) -> 2025/05 | J80: =VLOOKUP(Table1[[#This Row],[Área avaliada]],Endereços!A:B,2,0) -> Área Azul | K80: A
A81: 80 | B81: 45798.411 | C81: 45798.411 | D81: JHOSLLEY | E81: Reg4Lata | F81: 9089 | G81: =VLOOKUP(F81,Produtos!A:B,2,FALSE) -> SUKITA LATA 350ML SH C/12 NPAL | H81: Produto avariado-embal.primária | I81: =YEAR(Table1[[#This Row],[Hora de início]])&"/"&IF(MONTH(Table1[[#This Row],[Hora de início]])<10,"0"&MONTH(Table1[[#This Row],[Hora de início]]),MONTH(Table1[[#This Row],[Hora de início]])) -> 2025/05 | J81: =VLOOKUP(Table1[[#This Row],[Área avaliada]],Endereços!A:B,2,0) -> Área Azul | K81: A
A82: 81 | B82: 45798.413 | C82: 45798.414 | D82: JHOSLLEY | E82: Reg4Lata | F82: 2354 | G82: =VLOOKUP(F82,Produtos!A:B,2,FALSE) -> SODA LIMONADA ANTARCT DIET PET 2L CX C/6 | H82: Produto avariado-embal.primária | I82: =YEAR(Table1[[#This Row],[Hora de início]])&"/"&IF(MONTH(Table1[[#This Row],[Hora de início]])<10,"0"&MONTH(Table1[[#This Row],[Hora de início]]),MONTH(Table1[[#This Row],[Hora de início]])) -> 2025/05 | J82: =VLOOKUP(Table1[[#This Row],[Área avaliada]],Endereços!A:B,2,0) -> Área Azul | K82: A
A83: 82 | B83: 45798.417 | C83: 45798.419 | D83: LUCIANE | E83: Reg2RGB | F83: 9067 | G83: =VLOOKUP(F83,Produtos!A:B,2,FALSE) -> ANTARCTICA PILSEN LATA 350ML SH C/12 NPA | H83: Microfuro | I83: =YEAR(Table1[[#This Row],[Hora de início]])&"/"&IF(MONTH(Table1[[#This Row],[Hora de início]])<10,"0"&MONTH(Table1[[#This Row],[Hora de início]]),MONTH(Table1[[#This Row],[Hora de início]])) -> 2025/05 | J83: =VLOOKUP(Table1[[#This Row],[Área avaliada]],Endereços!A:B,2,0) -> Área Azul | K83: =VLOOKUP(Table1[[#This Row],[Nome do avaliador ]],M:N,2,0) -> A
A84: 83 | B84: 45798.422 | C84: 45798.423 | D84: LUCIANE | E84: Reg4Lata | F84: 9069 | G84: =VLOOKUP(F84,Produtos!A:B,2,FALSE) -> BRAHMA CHOPP LATA 350ML SH C/12 NPAL | H84: Microfuro | I84: =YEAR(Table1[[#This Row],[Hora de início]])&"/"&IF(MONTH(Table1[[#This Row],[Hora de início]])<10,"0"&MONTH(Table1[[#This Row],[Hora de início]]),MONTH(Table1[[#This Row],[Hora de início]])) -> 2025/05 | J84: =VLOOKUP(Table1[[#This Row],[Área avaliada]],Endereços!A:B,2,0) -> Área Azul | K84: =VLOOKUP(Table1[[#This Row],[Nome do avaliador ]],M:N,2,0) -> A
A85: 84 | B85: 45798.722 | C85: 45798.734 | D85: JOSÉ GILNEI | E85: Picking Baixo Giro | F85: 371 | G85: =VLOOKUP(F85,Produtos!A:B,2,FALSE) -> MALZBIER BRAHMA LN355ML SIX PAC BAND C/4 | H85: Filme rasgado | I85: =YEAR(Table1[[#This Row],[Hora de início]])&"/"&IF(MONTH(Table1[[#This Row],[Hora de início]])<10,"0"&MONTH(Table1[[#This Row],[Hora de início]]),MONTH(Table1[[#This Row],[Hora de início]])) -> 2025/05 | J85: =VLOOKUP(Table1[[#This Row],[Área avaliada]],Endereços!A:B,2,0) -> Picking Baixo Giro | K85: =VLOOKUP(Table1[[#This Row],[Nome do avaliador ]],M:N,2,0) -> B
A86: 85 | B86: 45800.345 | C86: 45800.347 | D86: LUCIANE | E86: Reg4Lata | F86: 22200 | G86: =VLOOKUP(F86,Produtos!A:B,2,FALSE) -> TONICA ANTARCTICA PET1LSH C/06 | H86: Microfuro | I86: =YEAR(Table1[[#This Row],[Hora de início]])&"/"&IF(MONTH(Table1[[#This Row],[Hora de início]])<10,"0"&MONTH(Table1[[#This Row],[Hora de início]]),MONTH(Table1[[#This Row],[Hora de início]])) -> 2025/05 | J86: =VLOOKUP(Table1[[#This Row],[Área avaliada]],Endereços!A:B,2,0) -> Área Azul | K86: =VLOOKUP(Table1[[#This Row],[Nome do avaliador ]],M:N,2,0) -> A
A87: 86 | B87: 45800.348 | C87: 45800.348 | D87: JHOSLLEY | E87: RegPET | F87: 9081 | G87: =VLOOKUP(F87,Produtos!A:B,2,FALSE) -> MALZBIER BRAHMA LATA 350ML SH C/12 NPAL | H87: Produto avariado-embal.primária | I87: =YEAR(Table1[[#This Row],[Hora de início]])&"/"&IF(MONTH(Table1[[#This Row],[Hora de início]])<10,"0"&MONTH(Table1[[#This Row],[Hora de início]]),MONTH(Table1[[#This Row],[Hora de início]])) -> 2025/05 | J87: =VLOOKUP(Table1[[#This Row],[Área avaliada]],Endereços!A:B,2,0) -> Área Azul | K87: A
A88: 87 | B88: 45800.347 | C88: 45800.348 | D88: LUCIANE | E88: Reg4Lata | F88: 18137 | G88: =VLOOKUP(F88,Produtos!A:B,2,FALSE) -> GUARANA CHP ANTARCTICA PET 3L C4 SH LISO | H88: Filme rasgado | I88: =YEAR(Table1[[#This Row],[Hora de início]])&"/"&IF(MONTH(Table1[[#This Row],[Hora de início]])<10,"0"&MONTH(Table1[[#This Row],[Hora de início]]),MONTH(Table1[[#This Row],[Hora de início]])) -> 2025/05 | J88: =VLOOKUP(Table1[[#This Row],[Área avaliada]],Endereços!A:B,2,0) -> Área Azul | K88: =VLOOKUP(Table1[[#This Row],[Nome do avaliador ]],M:N,2,0) -> A
A89: 88 | B89: 45800.349 | C89: 45800.35 | D89: JHOSLLEY | E89: Reg4Lata | F89: 17725 | G89: =VLOOKUP(F89,Produtos!A:B,2,FALSE) -> ANTARCTICA PILSEN LT 350ML SH C/18 MULTP | H89: Produto avariado-embal.primária | I89: =YEAR(Table1[[#This Row],[Hora de início]])&"/"&IF(MONTH(Table1[[#This Row],[Hora de início]])<10,"0"&MONTH(Table1[[#This Row],[Hora de início]]),MONTH(Table1[[#This Row],[Hora de início]])) -> 2025/05 | J89: =VLOOKUP(Table1[[#This Row],[Área avaliada]],Endereços!A:B,2,0) -> Área Azul | K89: A
A90: 89 | B90: 45800.351 | C90: 45800.352 | D90: JHOSLLEY | E90: Reg2RGB | F90: 9091 | G90: =VLOOKUP(F90,Produtos!A:B,2,FALSE) -> TONICA ANTARCTICA LT 350ML SH C/12 NPAL | H90: Produto avariado-embal.primária | I90: =YEAR(Table1[[#This Row],[Hora de início]])&"/"&IF(MONTH(Table1[[#This Row],[Hora de início]])<10,"0"&MONTH(Table1[[#This Row],[Hora de início]]),MONTH(Table1[[#This Row],[Hora de início]])) -> 2025/05 | J90: =VLOOKUP(Table1[[#This Row],[Área avaliada]],Endereços!A:B,2,0) -> Área Azul | K90: A
A91: 90 | B91: 45800.353 | C91: 45800.355 | D91: LUCIANE | E91: Reg4Lata | F91: 9069 | G91: =VLOOKUP(F91,Produtos!A:B,2,FALSE) -> BRAHMA CHOPP LATA 350ML SH C/12 NPAL | H91: Microfuro | I91: =YEAR(Table1[[#This Row],[Hora de início]])&"/"&IF(MONTH(Table1[[#This Row],[Hora de início]])<10,"0"&MONTH(Table1[[#This Row],[Hora de início]]),MONTH(Table1[[#This Row],[Hora de início]])) -> 2025/05 | J91: =VLOOKUP(Table1[[#This Row],[Área avaliada]],Endereços!A:B,2,0) -> Área Azul | K91: =VLOOKUP(Table1[[#This Row],[Nome do avaliador ]],M:N,2,0) -> A
A92: 91 | B92: 45800.355 | C92: 45800.356 | D92: JHOSLLEY | E92: Reg2RGB | F92: 19225 | G92: =VLOOKUP(F92,Produtos!A:B,2,FALSE) -> RED BULL BR LATA 250ML CAIXA C/24 | H92: Produto avariado-embal.primária | I92: =YEAR(Table1[[#This Row],[Hora de início]])&"/"&IF(MONTH(Table1[[#This Row],[Hora de início]])<10,"0"&MONTH(Table1[[#This Row],[Hora de início]]),MONTH(Table1[[#This Row],[Hora de início]])) -> 2025/05 | J92: =VLOOKUP(Table1[[#This Row],[Área avaliada]],Endereços!A:B,2,0) -> Área Azul | K92: A
A93: 92 | B93: 45800.356 | C93: 45800.357 | D93: JHOSLLEY | E93: Reg2RGB | F93: 19225 | G93: =VLOOKUP(F93,Produtos!A:B,2,FALSE) -> RED BULL BR LATA 250ML CAIXA C/24 | H93: Produto avariado-embal.primária | I93: =YEAR(Table1[[#This Row],[Hora de início]])&"/"&IF(MONTH(Table1[[#This Row],[Hora de início]])<10,"0"&MONTH(Table1[[#This Row],[Hora de início]]),MONTH(Table1[[#This Row],[Hora de início]])) -> 2025/05 | J93: =VLOOKUP(Table1[[#This Row],[Área avaliada]],Endereços!A:B,2,0) -> Área Azul | K93: A
A94: 93 | B94: 45800.359 | C94: 45800.36 | D94: LUCIANE | E94: Reg2RGB | F94: 9084 | G94: =VLOOKUP(F94,Produtos!A:B,2,FALSE) -> GUARANA CHP ANTARCT LT350ML SH C/12 NPAL | H94: Microfuro | I94: =YEAR(Table1[[#This Row],[Hora de início]])&"/"&IF(MONTH(Table1[[#This Row],[Hora de início]])<10,"0"&MONTH(Table1[[#This Row],[Hora de início]]),MONTH(Table1[[#This Row],[Hora de início]])) -> 2025/05 | J94: =VLOOKUP(Table1[[#This Row],[Área avaliada]],Endereços!A:B,2,0) -> Área Azul | K94: =VLOOKUP(Table1[[#This Row],[Nome do avaliador ]],M:N,2,0) -> A
A95: 94 | B95: 45800.36 | C95: 45800.36 | D95: JHOSLLEY | E95: Reg1RGBL | F95: 34420 | G95: =VLOOKUP(F95,Produtos!A:B,2,FALSE) -> RED BULL SUM MARAC E MELAO LT 250ML FP | H95: Produto avariado-embal.primária | I95: =YEAR(Table1[[#This Row],[Hora de início]])&"/"&IF(MONTH(Table1[[#This Row],[Hora de início]])<10,"0"&MONTH(Table1[[#This Row],[Hora de início]]),MONTH(Table1[[#This Row],[Hora de início]])) -> 2025/05 | J95: =VLOOKUP(Table1[[#This Row],[Área avaliada]],Endereços!A:B,2,0) -> Área Verde | K95: A
A96: 95 | B96: 45800.364 | C96: 45800.367 | D96: LUCIANE | E96: Reg1RGBL | F96: 19310 | G96: =VLOOKUP(F96,Produtos!A:B,2,FALSE) -> ORIGINAL LATA 350ML CX CARTAO C/12 NPAL | H96: Microfuro | I96: =YEAR(Table1[[#This Row],[Hora de início]])&"/"&IF(MONTH(Table1[[#This Row],[Hora de início]])<10,"0"&MONTH(Table1[[#This Row],[Hora de início]]),MONTH(Table1[[#This Row],[Hora de início]])) -> 2025/05 | J96: =VLOOKUP(Table1[[#This Row],[Área avaliada]],Endereços!A:B,2,0) -> Área Verde | K96: =VLOOKUP(Table1[[#This Row],[Nome do avaliador ]],M:N,2,0) -> A
A97: 96 | B97: 45800.367 | C97: 45800.368 | D97: LUCIANE | E97: Reg1RGBL | F97: 19310 | G97: =VLOOKUP(F97,Produtos!A:B,2,FALSE) -> ORIGINAL LATA 350ML CX CARTAO C/12 NPAL | H97: Produto avariado/embal.segundária | I97: =YEAR(Table1[[#This Row],[Hora de início]])&"/"&IF(MONTH(Table1[[#This Row],[Hora de início]])<10,"0"&MONTH(Table1[[#This Row],[Hora de início]]),MONTH(Table1[[#This Row],[Hora de início]])) -> 2025/05 | J97: =VLOOKUP(Table1[[#This Row],[Área avaliada]],Endereços!A:B,2,0) -> Área Verde | K97: =VLOOKUP(Table1[[#This Row],[Nome do avaliador ]],M:N,2,0) -> A
A98: 97 | B98: 45800.651 | C98: 45800.656 | D98: JOSÉ GILNEI | E98: Marketplace | G98: =VLOOKUP(F98,Produtos!A:B,2,FALSE) -> #N/A | I98: =YEAR(Table1[[#This Row],[Hora de início]])&"/"&IF(MONTH(Table1[[#This Row],[Hora de início]])<10,"0"&MONTH(Table1[[#This Row],[Hora de início]]),MONTH(Table1[[#This Row],[Hora de início]])) -> 2025/05 | J98: =VLOOKUP(Table1[[#This Row],[Área avaliada]],Endereços!A:B,2,0) -> Área Vermelho | K98: =VLOOKUP(Table1[[#This Row],[Nome do avaliador ]],M:N,2,0) -> B
A99: 98 | B99: 45801.389 | C99: 45801.39 | D99: JHOSLLEY | E99: Reg4Lata | F99: 9069 | G99: =VLOOKUP(F99,Produtos!A:B,2,FALSE) -> BRAHMA CHOPP LATA 350ML SH C/12 NPAL | H99: Produto avariado-embal.primária | I99: =YEAR(Table1[[#This Row],[Hora de início]])&"/"&IF(MONTH(Table1[[#This Row],[Hora de início]])<10,"0"&MONTH(Table1[[#This Row],[Hora de início]]),MONTH(Table1[[#This Row],[Hora de início]])) -> 2025/05 | J99: =VLOOKUP(Table1[[#This Row],[Área avaliada]],Endereços!A:B,2,0) -> Área Azul | K99: A
A100: 99 | B100: 45801.393 | C100: 45801.394 | D100: JHOSLLEY | E100: Reg4Lata | F100: 17797 | G100: =VLOOKUP(F100,Produtos!A:B,2,FALSE) -> BRAHMA CHOPP LATA 350ML SH 18 MULTIPACK | H100: Produto avariado-embal.primária | I100: =YEAR(Table1[[#This Row],[Hora de início]])&"/"&IF(MONTH(Table1[[#This Row],[Hora de início]])<10,"0"&MONTH(Table1[[#This Row],[Hora de início]]),MONTH(Table1[[#This Row],[Hora de início]])) -> 2025/05 | J100: =VLOOKUP(Table1[[#This Row],[Área avaliada]],Endereços!A:B,2,0) -> Área Azul | K100: A
A101: 100 | B101: 45801.462 | C101: 45801.464 | D101: RAFAEL | E101: Marketplace | G101: =VLOOKUP(F101,Produtos!A:B,2,FALSE) -> #N/A | H101: Organização não conforme | I101: =YEAR(Table1[[#This Row],[Hora de início]])&"/"&IF(MONTH(Table1[[#This Row],[Hora de início]])<10,"0"&MONTH(Table1[[#This Row],[Hora de início]]),MONTH(Table1[[#This Row],[Hora de início]])) -> 2025/05 | J101: =VLOOKUP(Table1[[#This Row],[Área avaliada]],Endereços!A:B,2,0) -> Área Vermelho | K101: =VLOOKUP(Table1[[#This Row],[Nome do avaliador ]],M:N,2,0) -> A
A102: 101 | B102: 45803.126 | C102: 45803.131 | D102: MARCIO | E102: Reg1RGBL | F102: 17725 | G102: =VLOOKUP(F102,Produtos!A:B,2,FALSE) -> ANTARCTICA PILSEN LT 350ML SH C/18 MULTP | H102: Produto avariado-embal.primária | I102: =YEAR(Table1[[#This Row],[Hora de início]])&"/"&IF(MONTH(Table1[[#This Row],[Hora de início]])<10,"0"&MONTH(Table1[[#This Row],[Hora de início]]),MONTH(Table1[[#This Row],[Hora de início]])) -> 2025/05 | J102: =VLOOKUP(Table1[[#This Row],[Área avaliada]],Endereços!A:B,2,0) -> Área Verde | K102: =VLOOKUP(Table1[[#This Row],[Nome do avaliador ]],M:N,2,0) -> C
A103: 102 | B103: 45803.387 | C103: 45803.389 | D103: JHOSLLEY | E103: Reg4Lata | F103: 9085 | G103: =VLOOKUP(F103,Produtos!A:B,2,FALSE) -> GUARANA CHP ANTARCT DIET LT350ML SHC/12 | H103: Produto avariado-embal.primária | I103: =YEAR(Table1[[#This Row],[Hora de início]])&"/"&IF(MONTH(Table1[[#This Row],[Hora de início]])<10,"0"&MONTH(Table1[[#This Row],[Hora de início]]),MONTH(Table1[[#This Row],[Hora de início]])) -> 2025/05 | J103: =VLOOKUP(Table1[[#This Row],[Área avaliada]],Endereços!A:B,2,0) -> Área Azul | K103: A
A104: 103 | B104: 45803.393 | C104: 45803.393 | D104: JHOSLLEY | E104: Reg2RGB | F104: 9084 | G104: =VLOOKUP(F104,Produtos!A:B,2,FALSE) -> GUARANA CHP ANTARCT LT350ML SH C/12 NPAL | H104: Produto avariado-embal.primária | I104: =YEAR(Table1[[#This Row],[Hora de início]])&"/"&IF(MONTH(Table1[[#This Row],[Hora de início]])<10,"0"&MONTH(Table1[[#This Row],[Hora de início]]),MONTH(Table1[[#This Row],[Hora de início]])) -> 2025/05 | J104: =VLOOKUP(Table1[[#This Row],[Área avaliada]],Endereços!A:B,2,0) -> Área Azul | K104: A
A105: 104 | B105: 45803.393 | C105: 45803.394 | D105: JHOSLLEY | E105: Reg2RGB | F105: 9067 | G105: =VLOOKUP(F105,Produtos!A:B,2,FALSE) -> ANTARCTICA PILSEN LATA 350ML SH C/12 NPA | H105: Produto avariado-embal.primária | I105: =YEAR(Table1[[#This Row],[Hora de início]])&"/"&IF(MONTH(Table1[[#This Row],[Hora de início]])<10,"0"&MONTH(Table1[[#This Row],[Hora de início]]),MONTH(Table1[[#This Row],[Hora de início]])) -> 2025/05 | J105: =VLOOKUP(Table1[[#This Row],[Área avaliada]],Endereços!A:B,2,0) -> Área Azul | K105: A
...

Sheet Endereços
A1: Endereço | B1: Área
A2: Picking | B2: Picking Alto Giro
A3: Regulador 1 | B3: Área Verde
A4: RACK01 | B4: Área Verde
A5: Picking Baixo Giro | B5: Picking Baixo Giro
A6: Picking Alto Giro | B6: Picking Alto Giro
A7: Marketplace | B7: Área Vermelho
A8: Reg2RGB | B8: Área Azul
A9: Reg4Lata | B9: Área Azul
A10: RegPET | B10: Área Azul
A11: Camera F | B11: Área Vermelho
A12: Reg1RGBL | B12: Área Verde

Sheet Produtos
A1: Cod | B1: Descrição
A2: 29232 | B2: 51 ICE MACA VERDE GFA VD 275 ML FD 24
A3: 21529 | B3: ABSOLUT ORIGINAL GFA VIDRO 1L
A4: 24613 | B4: ACQUA PANNA S/G GARRAFA VD 505 ML CX 24
A5: 23463 | B5: AG MIN S GAS AMA PET 500ML C12 N SHAPE
A6: 13017 | B6: AGUA M F DA ILHA C/G PET 300 ML CX C/12
A7: 15416 | B7: AGUA M F DA ILHA C/G PET 500ML CXC12 PRE
A8: 6909 | B8: AGUA M F DA ILHA C/G PVC 2L CAIXA C/06
A9: 6905 | B9: AGUA M F DA ILHA C/G PVC 500ML CAIXA C/1
A10: 6911 | B10: AGUA M F DA ILHA S/G COPO 200ML CAIXA C/
A11: 8975 | B11: AGUA M F DA ILHA S/G GARRAF+O PET 5 LITROS CX C/04
A12: 15414 | B12: AGUA M F DA ILHA S/G PET 500ML CXC12 PRE
A13: 6907 | B13: AGUA M F DA ILHA S/G PVC 1,5L CAIXA C/06
... A424: 21391 | B424: ﾁGUA MINERAL S/ GﾁS AMA PET 1,5L CX 6 NP
