Workbook

Sheet Gestao
A1: ID | B1: Hora de início | C1: Hora de conclusão | D1: Nome do avaliador | E1: Área avaliada | F1: QUAL O ENDEREÇO? | G1: Código do produto | H1: Coluna1 | I1: Tipo incidente | J1: ANO/MÊS
A2: 1 | B2: 45722.406 | C2: 45722.407 | D2: RAFAEL | E2: Picking | H2: =VLOOKUP(G2,Produtos!A:B,2,FALSE) -> #N/A | J2: =YEAR(Table1[[#This Row],[Hora de início]])&"/"&IF(MONTH(Table1[[#This Row],[Hora de início]])<10,"0"&MONTH(Table1[[#This Row],[Hora de início]]),MONTH(Table1[[#This Row],[Hora de início]])) -> 2025/03
A3: 2 | B3: 45723.428 | C3: 45723.429 | D3: KETLYN | E3: Regulador 1 | H3: =VLOOKUP(G3,Produtos!A:B,2,FALSE) -> #N/A | J3: =YEAR(Table1[[#This Row],[Hora de início]])&"/"&IF(MONTH(Table1[[#This Row],[Hora de início]])<10,"0"&MONTH(Table1[[#This Row],[Hora de início]]),MONTH(Table1[[#This Row],[Hora de início]])) -> 2025/03
A4: 3 | B4: 45723.446 | C4: 45723.447 | D4: KETLYN | E4: Regulador 1 | H4: =VLOOKUP(G4,Produtos!A:B,2,FALSE) -> #N/A | J4: =YEAR(Table1[[#This Row],[Hora de início]])&"/"&IF(MONTH(Table1[[#This Row],[Hora de início]])<10,"0"&MONTH(Table1[[#This Row],[Hora de início]]),MONTH(Table1[[#This Row],[Hora de início]])) -> 2025/03
A5: 4 | B5: 45723.447 | C5: 45723.448 | D5: CLEBER | E5: Picking | H5: =VLOOKUP(G5,Produtos!A:B,2,FALSE) -> #N/A | J5: =YEAR(Table1[[#This Row],[Hora de início]])&"/"&IF(MONTH(Table1[[#This Row],[Hora de início]])<10,"0"&MONTH(Table1[[#This Row],[Hora de início]]),MONTH(Table1[[#This Row],[Hora de início]])) -> 2025/03
A6: 5 | B6: 45735.41 | C6: 45735.416 | D6: RAFAEL | E6: RACK01 | H6: =VLOOKUP(G6,Produtos!A:B,2,FALSE) -> #N/A | J6: =YEAR(Table1[[#This Row],[Hora de início]])&"/"&IF(MONTH(Table1[[#This Row],[Hora de início]])<10,"0"&MONTH(Table1[[#This Row],[Hora de início]]),MONTH(Table1[[#This Row],[Hora de início]])) -> 2025/03
A7: 6 | B7: 45735.416 | C7: 45735.417 | D7: TAINÁ | E7: Picking Baixo Giro | H7: =VLOOKUP(G7,Produtos!A:B,2,FALSE) -> #N/A | J7: =YEAR(Table1[[#This Row],[Hora de início]])&"/"&IF(MONTH(Table1[[#This Row],[Hora de início]])<10,"0"&MONTH(Table1[[#This Row],[Hora de início]]),MONTH(Table1[[#This Row],[Hora de início]])) -> 2025/03
A8: 7 | B8: 45735.454 | C8: 45735.456 | D8: RAFAEL | E8: Picking Alto Giro | H8: =VLOOKUP(G8,Produtos!A:B,2,FALSE) -> #N/A | J8: =YEAR(Table1[[#This Row],[Hora de início]])&"/"&IF(MONTH(Table1[[#This Row],[Hora de início]])<10,"0"&MONTH(Table1[[#This Row],[Hora de início]]),MONTH(Table1[[#This Row],[Hora de início]])) -> 2025/03
A9: 8 | B9: 45735.456 | C9: 45735.457 | D9: NARCISO | E9: Picking Baixo Giro | H9: =VLOOKUP(G9,Produtos!A:B,2,FALSE) -> #N/A | J9: =YEAR(Table1[[#This Row],[Hora de início]])&"/"&IF(MONTH(Table1[[#This Row],[Hora de início]])<10,"0"&MONTH(Table1[[#This Row],[Hora de início]]),MONTH(Table1[[#This Row],[Hora de início]])) -> 2025/03
A10: 9 | B10: 45735.457 | C10: 45735.458 | D10: JHOSLLEY | E10: Marketplace | H10: =VLOOKUP(G10,Produtos!A:B,2,FALSE) -> #N/A | J10: =YEAR(Table1[[#This Row],[Hora de início]])&"/"&IF(MONTH(Table1[[#This Row],[Hora de início]])<10,"0"&MONTH(Table1[[#This Row],[Hora de início]]),MONTH(Table1[[#This Row],[Hora de início]])) -> 2025/03
A11: 10 | B11: 45735.458 | C11: 45735.458 | D11: LUCIANE | E11: Reg2RGB | H11: =VLOOKUP(G11,Produtos!A:B,2,FALSE) -> #N/A | J11: =YEAR(Table1[[#This Row],[Hora de início]])&"/"&IF(MONTH(Table1[[#This Row],[Hora de início]])<10,"0"&MONTH(Table1[[#This Row],[Hora de início]]),MONTH(Table1[[#This Row],[Hora de início]])) -> 2025/03
A12: 11 | B12: 45735.459 | C12: 45735.46 | D12: BRUNO | E12: RACK01 | H12: =VLOOKUP(G12,Produtos!A:B,2,FALSE) -> #N/A | J12: =YEAR(Table1[[#This Row],[Hora de início]])&"/"&IF(MONTH(Table1[[#This Row],[Hora de início]])<10,"0"&MONTH(Table1[[#This Row],[Hora de início]]),MONTH(Table1[[#This Row],[Hora de início]])) -> 2025/03
A13: 12 | B13: 45735.46 | C13: 45735.461 | D13: CARLOS | E13: Reg4Lata | H13: =VLOOKUP(G13,Produtos!A:B,2,FALSE) -> #N/A | J13: =YEAR(Table1[[#This Row],[Hora de início]])&"/"&IF(MONTH(Table1[[#This Row],[Hora de início]])<10,"0"&MONTH(Table1[[#This Row],[Hora de início]]),MONTH(Table1[[#This Row],[Hora de início]])) -> 2025/03
... A58: 57 | B58: 45787.472 | C58: 45787.474 | D58: RAFAEL | E58: Camera F | H58: =VLOOKUP(G58,Produtos!A:B,2,FALSE) -> #N/A | J58: =YEAR(Table1[[#This Row],[Hora de início]])&"/"&IF(MONTH(Table1[[#This Row],[Hora de início]])<10,"0"&MONTH(Table1[[#This Row],[Hora de início]]),MONTH(Table1[[#This Row],[Hora de início]])) -> 2025/05
A59: 58 | B59: 45789.399 | C59: 45789.4 | D59: JHOSLLEY | E59: Reg4Lata | G59: 9089 | H59: =VLOOKUP(G59,Produtos!A:B,2,FALSE) -> SUKITA LATA 350ML SH C/12 NPAL | I59: Produto avariado-embal.primária | J59: =YEAR(Table1[[#This Row],[Hora de início]])&"/"&IF(MONTH(Table1[[#This Row],[Hora de início]])<10,"0"&MONTH(Table1[[#This Row],[Hora de início]]),MONTH(Table1[[#This Row],[Hora de início]])) -> 2025/05
A60: 59 | B60: 45789.401 | C60: 45789.402 | D60: JHOSLLEY | E60: Reg4Lata | G60: 9087 | H60: =VLOOKUP(G60,Produtos!A:B,2,FALSE) -> SODA LIMONADA ANTAR LT350ML SH C/12 NPAL | I60: Produto avariado-embal.primária | J60: =YEAR(Table1[[#This Row],[Hora de início]])&"/"&IF(MONTH(Table1[[#This Row],[Hora de início]])<10,"0"&MONTH(Table1[[#This Row],[Hora de início]]),MONTH(Table1[[#This Row],[Hora de início]])) -> 2025/05
A61: 60 | B61: 45789.402 | C61: 45789.403 | D61: JHOSLLEY | E61: Reg4Lata | G61: 20651 | H61: =VLOOKUP(G61,Produtos!A:B,2,FALSE) -> CORONA N LT SLEEK 350ML CX 8 | I61: Produto avariado-embal.primária | J61: =YEAR(Table1[[#This Row],[Hora de início]])&"/"&IF(MONTH(Table1[[#This Row],[Hora de início]])<10,"0"&MONTH(Table1[[#This Row],[Hora de início]]),MONTH(Table1[[#This Row],[Hora de início]])) -> 2025/05
A62: 61 | B62: 45789.404 | C62: 45789.405 | D62: JHOSLLEY | E62: Reg4Lata | G62: 17808 | H62: =VLOOKUP(G62,Produtos!A:B,2,FALSE) -> BUDWEISER OW 330ML CX C 24 | I62: Produto avariado-embal.primária | J62: =YEAR(Table1[[#This Row],[Hora de início]])&"/"&IF(MONTH(Table1[[#This Row],[Hora de início]])<10,"0"&MONTH(Table1[[#This Row],[Hora de início]]),MONTH(Table1[[#This Row],[Hora de início]])) -> 2025/05
A63: 62 | B63: 45789.406 | C63: 45789.407 | D63: JHOSLLEY | E63: Reg4Lata | G63: 20498 | H63: =VLOOKUP(G63,Produtos!A:B,2,FALSE) -> BRAHMA DUPLO MALTE LT SLEEK 350ML SH C12 | I63: Produto avariado-embal.primária | J63: =YEAR(Table1[[#This Row],[Hora de início]])&"/"&IF(MONTH(Table1[[#This Row],[Hora de início]])<10,"0"&MONTH(Table1[[#This Row],[Hora de início]]),MONTH(Table1[[#This Row],[Hora de início]])) -> 2025/05
A64: 63 | B64: 45789.648 | C64: 45789.655 | D64: JOSÉ GILNEI | E64: Picking Baixo Giro | H64: =VLOOKUP(G64,Produtos!A:B,2,FALSE) -> #N/A | I64: Produto avariado-embal.primária | J64: =YEAR(Table1[[#This Row],[Hora de início]])&"/"&IF(MONTH(Table1[[#This Row],[Hora de início]])<10,"0"&MONTH(Table1[[#This Row],[Hora de início]]),MONTH(Table1[[#This Row],[Hora de início]])) -> 2025/05
A65: 64 | B65: 45790.39 | C65: 45790.395 | D65: LUCIANE | E65: Reg4Lata | G65: 2353 | H65: =VLOOKUP(G65,Produtos!A:B,2,FALSE) -> GUARANA CHP ANTARCTICA DIET PET 2L CXC/6 | I65: Produto avariado/embal.segundária | J65: =YEAR(Table1[[#This Row],[Hora de início]])&"/"&IF(MONTH(Table1[[#This Row],[Hora de início]])<10,"0"&MONTH(Table1[[#This Row],[Hora de início]]),MONTH(Table1[[#This Row],[Hora de início]])) -> 2025/05
A66: 65 | B66: 45790.398 | C66: 45790.4 | D66: LUCIANE | E66: Reg4Lata | H66: =VLOOKUP(G66,Produtos!A:B,2,FALSE) -> #N/A | I66: Produto avariado/embal.segundária | J66: =YEAR(Table1[[#This Row],[Hora de início]])&"/"&IF(MONTH(Table1[[#This Row],[Hora de início]])<10,"0"&MONTH(Table1[[#This Row],[Hora de início]]),MONTH(Table1[[#This Row],[Hora de início]])) -> 2025/05
A67: 66 | B67: 45790.402 | C67: 45790.404 | D67: LUCIANE | E67: Reg4Lata | G67: 28137 | H67: =VLOOKUP(G67,Produtos!A:B,2,FALSE) -> SKOL BT CAIPIRINHA LT 269ML CX CA C/8 NP | I67: Microfuro | J67: =YEAR(Table1[[#This Row],[Hora de início]])&"/"&IF(MONTH(Table1[[#This Row],[Hora de início]])<10,"0"&MONTH(Table1[[#This Row],[Hora de início]]),MONTH(Table1[[#This Row],[Hora de início]])) -> 2025/05
A68: 67 | B68: 45790.404 | C68: 45790.405 | D68: LUCIANE | E68: Reg4Lata | G68: 33734 | H68: =VLOOKUP(G68,Produtos!A:B,2,FALSE) -> BEATS RED MIX LT 269ML SH C/8 | I68: Microfuro | J68: =YEAR(Table1[[#This Row],[Hora de início]])&"/"&IF(MONTH(Table1[[#This Row],[Hora de início]])<10,"0"&MONTH(Table1[[#This Row],[Hora de início]]),MONTH(Table1[[#This Row],[Hora de início]])) -> 2025/05
A69: 68 | B69: 45790.407 | C69: 45790.408 | D69: LUCIANE | E69: Reg4Lata | G69: 22180 | H69: =VLOOKUP(G69,Produtos!A:B,2,FALSE) -> BUDWEISER ZERO LN 330ML SIX-PACK SH C/4 | I69: Produto avariado/embal.segundária | J69: =YEAR(Table1[[#This Row],[Hora de início]])&"/"&IF(MONTH(Table1[[#This Row],[Hora de início]])<10,"0"&MONTH(Table1[[#This Row],[Hora de início]]),MONTH(Table1[[#This Row],[Hora de início]])) -> 2025/05
A70: 69 | B70: 45791.606 | C70: 45791.607 | D70: JHOSLLEY | E70: Reg4Lata | G70: 9274 | H70: =VLOOKUP(G70,Produtos!A:B,2,FALSE) -> PEPSI ZERO LATA 350ML SH C/12 NPAL | I70: Produto avariado-embal.primária | J70: =YEAR(Table1[[#This Row],[Hora de início]])&"/"&IF(MONTH(Table1[[#This Row],[Hora de início]])<10,"0"&MONTH(Table1[[#This Row],[Hora de início]]),MONTH(Table1[[#This Row],[Hora de início]])) -> 2025/05
A71: 70 | B71: 45791.614 | C71: 45791.615 | D71: JHOSLLEY | E71: Reg4Lata | G71: 14135 | H71: =VLOOKUP(G71,Produtos!A:B,2,FALSE) -> BUDWEISER LT 473ML SIX-PACK SH C/2 NPAL | I71: Produto avariado-embal.primária | J71: =YEAR(Table1[[#This Row],[Hora de início]])&"/"&IF(MONTH(Table1[[#This Row],[Hora de início]])<10,"0"&MONTH(Table1[[#This Row],[Hora de início]]),MONTH(Table1[[#This Row],[Hora de início]])) -> 2025/05
A72: 71 | B72: 45794.253 | C72: 45794.253 | D72: JHOSLLEY | E72: RegPET | G72: 9084 | H72: =VLOOKUP(G72,Produtos!A:B,2,FALSE) -> GUARANA CHP ANTARCT LT350ML SH C/12 NPAL | I72: Produto avariado-embal.primária | J72: =YEAR(Table1[[#This Row],[Hora de início]])&"/"&IF(MONTH(Table1[[#This Row],[Hora de início]])<10,"0"&MONTH(Table1[[#This Row],[Hora de início]]),MONTH(Table1[[#This Row],[Hora de início]])) -> 2025/05
A73: 72 | B73: 45794.254 | C73: 45794.255 | D73: JHOSLLEY | E73: Reg4Lata | G73: 14135 | H73: =VLOOKUP(G73,Produtos!A:B,2,FALSE) -> BUDWEISER LT 473ML SIX-PACK SH C/2 NPAL | I73: Produto avariado-embal.primária | J73: =YEAR(Table1[[#This Row],[Hora de início]])&"/"&IF(MONTH(Table1[[#This Row],[Hora de início]])<10,"0"&MONTH(Table1[[#This Row],[Hora de início]]),MONTH(Table1[[#This Row],[Hora de início]])) -> 2025/05
A74: 73 | B74: 45794.258 | C74: 45794.259 | D74: JHOSLLEY | E74: Reg4Lata | G74: 20498 | H74: =VLOOKUP(G74,Produtos!A:B,2,FALSE) -> BRAHMA DUPLO MALTE LT SLEEK 350ML SH C12 | I74: Produto avariado-embal.primária | J74: =YEAR(Table1[[#This Row],[Hora de início]])&"/"&IF(MONTH(Table1[[#This Row],[Hora de início]])<10,"0"&MONTH(Table1[[#This Row],[Hora de início]]),MONTH(Table1[[#This Row],[Hora de início]])) -> 2025/05
A75: 74 | B75: 45794.259 | C75: 45794.26 | D75: JHOSLLEY | E75: Reg4Lata | G75: 17808 | H75: =VLOOKUP(G75,Produtos!A:B,2,FALSE) -> BUDWEISER OW 330ML CX C 24 | I75: Produto avariado-embal.primária | J75: =YEAR(Table1[[#This Row],[Hora de início]])&"/"&IF(MONTH(Table1[[#This Row],[Hora de início]])<10,"0"&MONTH(Table1[[#This Row],[Hora de início]]),MONTH(Table1[[#This Row],[Hora de início]])) -> 2025/05
A76: 75 | B76: 45794.447 | C76: 45794.448 | D76: RAFAEL | E76: Camera F | H76: =VLOOKUP(G76,Produtos!A:B,2,FALSE) -> #N/A | J76: =YEAR(Table1[[#This Row],[Hora de início]])&"/"&IF(MONTH(Table1[[#This Row],[Hora de início]])<10,"0"&MONTH(Table1[[#This Row],[Hora de início]]),MONTH(Table1[[#This Row],[Hora de início]])) -> 2025/05
A77: 76 | B77: 45794.609 | C77: 45794.613 | D77: JOSÉ GILNEI | E77: Marketplace | H77: =VLOOKUP(G77,Produtos!A:B,2,FALSE) -> #N/A | I77: Lote e conformidade | J77: =YEAR(Table1[[#This Row],[Hora de início]])&"/"&IF(MONTH(Table1[[#This Row],[Hora de início]])<10,"0"&MONTH(Table1[[#This Row],[Hora de início]]),MONTH(Table1[[#This Row],[Hora de início]])) -> 2025/05
A78: 77 | B78: 45797.381 | C78: 45797.382 | D78: JHOSLLEY | E78: Reg4Lata | G78: 7982 | H78: =VLOOKUP(G78,Produtos!A:B,2,FALSE) -> GATORADE LIMAO PET 500ML SIX PACK | I78: Palete quebrado | J78: =YEAR(Table1[[#This Row],[Hora de início]])&"/"&IF(MONTH(Table1[[#This Row],[Hora de início]])<10,"0"&MONTH(Table1[[#This Row],[Hora de início]]),MONTH(Table1[[#This Row],[Hora de início]])) -> 2025/05
A79: 78 | B79: 45797.386 | C79: 45797.386 | D79: JHOSLLEY | E79: Reg4Lata | G79: 17808 | H79: =VLOOKUP(G79,Produtos!A:B,2,FALSE) -> BUDWEISER OW 330ML CX C 24 | I79: Produto avariado-embal.primária | J79: =YEAR(Table1[[#This Row],[Hora de início]])&"/"&IF(MONTH(Table1[[#This Row],[Hora de início]])<10,"0"&MONTH(Table1[[#This Row],[Hora de início]]),MONTH(Table1[[#This Row],[Hora de início]])) -> 2025/05
A80: 79 | B80: 45798.408 | C80: 45798.408 | D80: JHOSLLEY | E80: Reg4Lata | G80: 32500 | H80: =VLOOKUP(G80,Produtos!A:B,2,FALSE) -> STELLA ART PUR GOLD LT SL 350ML C8 CX CT | I80: Produto avariado-embal.primária | J80: =YEAR(Table1[[#This Row],[Hora de início]])&"/"&IF(MONTH(Table1[[#This Row],[Hora de início]])<10,"0"&MONTH(Table1[[#This Row],[Hora de início]]),MONTH(Table1[[#This Row],[Hora de início]])) -> 2025/05
A81: 80 | B81: 45798.411 | C81: 45798.411 | D81: JHOSLLEY | E81: Reg4Lata | G81: 9089 | H81: =VLOOKUP(G81,Produtos!A:B,2,FALSE) -> SUKITA LATA 350ML SH C/12 NPAL | I81: Produto avariado-embal.primária | J81: =YEAR(Table1[[#This Row],[Hora de início]])&"/"&IF(MONTH(Table1[[#This Row],[Hora de início]])<10,"0"&MONTH(Table1[[#This Row],[Hora de início]]),MONTH(Table1[[#This Row],[Hora de início]])) -> 2025/05
A82: 81 | B82: 45798.413 | C82: 45798.414 | D82: JHOSLLEY | E82: Reg4Lata | G82: 2354 | H82: =VLOOKUP(G82,Produtos!A:B,2,FALSE) -> SODA LIMONADA ANTARCT DIET PET 2L CX C/6 | I82: Produto avariado-embal.primária | J82: =YEAR(Table1[[#This Row],[Hora de início]])&"/"&IF(MONTH(Table1[[#This Row],[Hora de início]])<10,"0"&MONTH(Table1[[#This Row],[Hora de início]]),MONTH(Table1[[#This Row],[Hora de início]])) -> 2025/05
A83: 82 | B83: 45798.417 | C83: 45798.419 | D83: LUCIANE | E83: Reg2RGB | G83: 9067 | H83: =VLOOKUP(G83,Produtos!A:B,2,FALSE) -> ANTARCTICA PILSEN LATA 350ML SH C/12 NPA | I83: Microfuro | J83: =YEAR(Table1[[#This Row],[Hora de início]])&"/"&IF(MONTH(Table1[[#This Row],[Hora de início]])<10,"0"&MONTH(Table1[[#This Row],[Hora de início]]),MONTH(Table1[[#This Row],[Hora de início]])) -> 2025/05
A84: 83 | B84: 45798.422 | C84: 45798.423 | D84: LUCIANE | E84: Reg4Lata | G84: 9069 | H84: =VLOOKUP(G84,Produtos!A:B,2,FALSE) -> BRAHMA CHOPP LATA 350ML SH C/12 NPAL | I84: Microfuro | J84: =YEAR(Table1[[#This Row],[Hora de início]])&"/"&IF(MONTH(Table1[[#This Row],[Hora de início]])<10,"0"&MONTH(Table1[[#This Row],[Hora de início]]),MONTH(Table1[[#This Row],[Hora de início]])) -> 2025/05
A85: 84 | B85: 45798.722 | C85: 45798.734 | D85: JOSÉ GILNEI | E85: Picking Baixo Giro | G85: 371 | H85: =VLOOKUP(G85,Produtos!A:B,2,FALSE) -> MALZBIER BRAHMA LN355ML SIX PAC BAND C/4 | I85: Filme rasgado | J85: =YEAR(Table1[[#This Row],[Hora de início]])&"/"&IF(MONTH(Table1[[#This Row],[Hora de início]])<10,"0"&MONTH(Table1[[#This Row],[Hora de início]]),MONTH(Table1[[#This Row],[Hora de início]])) -> 2025/05
A86: 85 | B86: 45800.345 | C86: 45800.347 | D86: LUCIANE | E86: Reg4Lata | G86: 22200 | H86: =VLOOKUP(G86,Produtos!A:B,2,FALSE) -> TONICA ANTARCTICA PET1LSH C/06 | I86: Microfuro | J86: =YEAR(Table1[[#This Row],[Hora de início]])&"/"&IF(MONTH(Table1[[#This Row],[Hora de início]])<10,"0"&MONTH(Table1[[#This Row],[Hora de início]]),MONTH(Table1[[#This Row],[Hora de início]])) -> 2025/05
A87: 86 | B87: 45800.348 | C87: 45800.348 | D87: JHOSLLEY | E87: RegPET | G87: 9081 | H87: =VLOOKUP(G87,Produtos!A:B,2,FALSE) -> MALZBIER BRAHMA LATA 350ML SH C/12 NPAL | I87: Produto avariado-embal.primária | J87: =YEAR(Table1[[#This Row],[Hora de início]])&"/"&IF(MONTH(Table1[[#This Row],[Hora de início]])<10,"0"&MONTH(Table1[[#This Row],[Hora de início]]),MONTH(Table1[[#This Row],[Hora de início]])) -> 2025/05
A88: 87 | B88: 45800.347 | C88: 45800.348 | D88: LUCIANE | E88: Reg4Lata | G88: 18137 | H88: =VLOOKUP(G88,Produtos!A:B,2,FALSE) -> GUARANA CHP ANTARCTICA PET 3L C4 SH LISO | I88: Filme rasgado | J88: =YEAR(Table1[[#This Row],[Hora de início]])&"/"&IF(MONTH(Table1[[#This Row],[Hora de início]])<10,"0"&MONTH(Table1[[#This Row],[Hora de início]]),MONTH(Table1[[#This Row],[Hora de início]])) -> 2025/05
A89: 88 | B89: 45800.349 | C89: 45800.35 | D89: JHOSLLEY | E89: Reg4Lata | G89: 17725 | H89: =VLOOKUP(G89,Produtos!A:B,2,FALSE) -> ANTARCTICA PILSEN LT 350ML SH C/18 MULTP | I89: Produto avariado-embal.primária | J89: =YEAR(Table1[[#This Row],[Hora de início]])&"/"&IF(MONTH(Table1[[#This Row],[Hora de início]])<10,"0"&MONTH(Table1[[#This Row],[Hora de início]]),MONTH(Table1[[#This Row],[Hora de início]])) -> 2025/05
... A97: 96 | B97: 45800.367 | C97: 45800.368 | D97: LUCIANE | E97: Reg1RGBL | G97: 19310 | H97: =VLOOKUP(G97,Produtos!A:B,2,FALSE) -> ORIGINAL LATA 350ML CX CARTAO C/12 NPAL | I97: Produto avariado/embal.segundária | J97: =YEAR(Table1[[#This Row],[Hora de início]])&"/"&IF(MONTH(Table1[[#This Row],[Hora de início]])<10,"0"&MONTH(Table1[[#This Row],[Hora de início]]),MONTH(Table1[[#This Row],[Hora de início]])) -> 2025/05
A98: 97 | B98: 45800.651 | C98: 45800.656 | D98: JOSÉ GILNEI | E98: Marketplace | H98: =VLOOKUP(G98,Produtos!A:B,2,FALSE) -> #N/A | J98: =YEAR(Table1[[#This Row],[Hora de início]])&"/"&IF(MONTH(Table1[[#This Row],[Hora de início]])<10,"0"&MONTH(Table1[[#This Row],[Hora de início]]),MONTH(Table1[[#This Row],[Hora de início]])) -> 2025/05
A99: 98 | B99: 45801.389 | C99: 45801.39 | D99: JHOSLLEY | E99: Reg4Lata | G99: 9069 | H99: =VLOOKUP(G99,Produtos!A:B,2,FALSE) -> BRAHMA CHOPP LATA 350ML SH C/12 NPAL | I99: Produto avariado-embal.primária | J99: =YEAR(Table1[[#This Row],[Hora de início]])&"/"&IF(MONTH(Table1[[#This Row],[Hora de início]])<10,"0"&MONTH(Table1[[#This Row],[Hora de início]]),MONTH(Table1[[#This Row],[Hora de início]])) -> 2025/05
A100: 99 | B100: 45801.393 | C100: 45801.394 | D100: JHOSLLEY | E100: Reg4Lata | G100: 17797 | H100: =VLOOKUP(G100,Produtos!A:B,2,FALSE) -> BRAHMA CHOPP LATA 350ML SH 18 MULTIPACK | I100: Produto avariado-embal.primária | J100: =YEAR(Table1[[#This Row],[Hora de início]])&"/"&IF(MONTH(Table1[[#This Row],[Hora de início]])<10,"0"&MONTH(Table1[[#This Row],[Hora de início]]),MONTH(Table1[[#This Row],[Hora de início]])) -> 2025/05
A101: 100 | B101: 45801.462 | C101: 45801.464 | D101: RAFAEL | E101: Marketplace | G101: Todos | H101: =VLOOKUP(G101,Produtos!A:B,2,FALSE) -> #N/A | I101: Organização não conforme | J101: =YEAR(Table1[[#This Row],[Hora de início]])&"/"&IF(MONTH(Table1[[#This Row],[Hora de início]])<10,"0"&MONTH(Table1[[#This Row],[Hora de início]]),MONTH(Table1[[#This Row],[Hora de início]])) -> 2025/05
A102: 101 | B102: 45803.126 | C102: 45803.131 | D102: MARCIO | E102: Reg1RGBL | G102: 17725 | H102: =VLOOKUP(G102,Produtos!A:B,2,FALSE) -> ANTARCTICA PILSEN LT 350ML SH C/18 MULTP | I102: Produto avariado-embal.primária | J102: =YEAR(Table1[[#This Row],[Hora de início]])&"/"&IF(MONTH(Table1[[#This Row],[Hora de início]])<10,"0"&MONTH(Table1[[#This Row],[Hora de início]]),MONTH(Table1[[#This Row],[Hora de início]])) -> 2025/05
A103: 102 | B103: 45803.387 | C103: 45803.389 | D103: JHOSLLEY | E103: Reg4Lata | G103: 9085 | H103: =VLOOKUP(G103,Produtos!A:B,2,FALSE) -> GUARANA CHP ANTARCT DIET LT350ML SHC/12 | I103: Produto avariado-embal.primária | J103: =YEAR(Table1[[#This Row],[Hora de início]])&"/"&IF(MONTH(Table1[[#This Row],[Hora de início]])<10,"0"&MONTH(Table1[[#This Row],[Hora de início]]),MONTH(Table1[[#This Row],[Hora de início]])) -> 2025/05
A104: 103 | B104: 45803.393 | C104: 45803.393 | D104: JHOSLLEY | E104: Reg2RGB | G104: 9084 | H104: =VLOOKUP(G104,Produtos!A:B,2,FALSE) -> GUARANA CHP ANTARCT LT350ML SH C/12 NPAL | I104: Produto avariado-embal.primária | J104: =YEAR(Table1[[#This Row],[Hora de início]])&"/"&IF(MONTH(Table1[[#This Row],[Hora de início]])<10,"0"&MONTH(Table1[[#This Row],[Hora de início]]),MONTH(Table1[[#This Row],[Hora de início]])) -> 2025/05
A105: 104 | B105: 45803.393 | C105: 45803.394 | D105: JHOSLLEY | E105: Reg2RGB | G105: 9067 | H105: =VLOOKUP(G105,Produtos!A:B,2,FALSE) -> ANTARCTICA PILSEN LATA 350ML SH C/12 NPA | I105: Produto avariado-embal.primária | J105: =YEAR(Table1[[#This Row],[Hora de início]])&"/"&IF(MONTH(Table1[[#This Row],[Hora de início]])<10,"0"&MONTH(Table1[[#This Row],[Hora de início]]),MONTH(Table1[[#This Row],[Hora de início]])) -> 2025/05
A106: 105 | B106: 45803.399 | C106: 45803.4 | D106: LUCIANE | E106: Reg4Lata | G106: 32361 | H106: =VLOOKUP(G106,Produtos!A:B,2,FALSE) -> BEATS TROPICAL LN 269ML SIX-PACK SH C/4 | I106: Garrafeira quebrada | J106: =YEAR(Table1[[#This Row],[Hora de início]])&"/"&IF(MONTH(Table1[[#This Row],[Hora de início]])<10,"0"&MONTH(Table1[[#This Row],[Hora de início]]),MONTH(Table1[[#This Row],[Hora de início]])) -> 2025/05
A107: 106 | B107: 45803.402 | C107: 45803.403 | D107: LUCIANE | E107: Reg4Lata | G107: 9068 | H107: =VLOOKUP(G107,Produtos!A:B,2,FALSE) -> SKOL LATA 350ML SH C/12 NPAL | I107: Microfuro | J107: =YEAR(Table1[[#This Row],[Hora de início]])&"/"&IF(MONTH(Table1[[#This Row],[Hora de início]])<10,"0"&MONTH(Table1[[#This Row],[Hora de início]]),MONTH(Table1[[#This Row],[Hora de início]])) -> 2025/05
A108: 107 | B108: 45803.405 | C108: 45803.406 | D108: LUCIANE | E108: Reg4Lata | G108: 9320 | H108: =VLOOKUP(G108,Produtos!A:B,2,FALSE) -> BRAHMA CHOPP LT 473ML SH C/12 NPAL | I108: Microfuro | J108: =YEAR(Table1[[#This Row],[Hora de início]])&"/"&IF(MONTH(Table1[[#This Row],[Hora de início]])<10,"0"&MONTH(Table1[[#This Row],[Hora de início]]),MONTH(Table1[[#This Row],[Hora de início]])) -> 2025/05
A109: 108 | B109: 45804.292 | C109: 45804.293 | D109: LUCIANE | E109: Reg4Lata | G109: 17725 | H109: =VLOOKUP(G109,Produtos!A:B,2,FALSE) -> ANTARCTICA PILSEN LT 350ML SH C/18 MULTP | I109: Microfuro | J109: =YEAR(Table1[[#This Row],[Hora de início]])&"/"&IF(MONTH(Table1[[#This Row],[Hora de início]])<10,"0"&MONTH(Table1[[#This Row],[Hora de início]]),MONTH(Table1[[#This Row],[Hora de início]])) -> 2025/05
A110: 109 | B110: 45804.39 | C110: 45804.391 | D110: JHOSLLEY | E110: Reg4Lata | G110: 9081 | H110: =VLOOKUP(G110,Produtos!A:B,2,FALSE) -> MALZBIER BRAHMA LATA 350ML SH C/12 NPAL | I110: Produto avariado-embal.primária | J110: =YEAR(Table1[[#This Row],[Hora de início]])&"/"&IF(MONTH(Table1[[#This Row],[Hora de início]])<10,"0"&MONTH(Table1[[#This Row],[Hora de início]]),MONTH(Table1[[#This Row],[Hora de início]])) -> 2025/05
A111: 110 | B111: 45804.392 | C111: 45804.393 | D111: JHOSLLEY | E111: Reg4Lata | G111: 17808 | H111: =VLOOKUP(G111,Produtos!A:B,2,FALSE) -> BUDWEISER OW 330ML CX C 24 | I111: Produto avariado-embal.primária | J111: =YEAR(Table1[[#This Row],[Hora de início]])&"/"&IF(MONTH(Table1[[#This Row],[Hora de início]])<10,"0"&MONTH(Table1[[#This Row],[Hora de início]]),MONTH(Table1[[#This Row],[Hora de início]])) -> 2025/05
A112: 111 | B112: 45804.392 | C112: 45804.393 | D112: LUCIANE | E112: Reg2RGB | G112: 19225 | H112: =VLOOKUP(G112,Produtos!A:B,2,FALSE) -> RED BULL BR LATA 250ML CAIXA C/24 | I112: Microfuro | J112: =YEAR(Table1[[#This Row],[Hora de início]])&"/"&IF(MONTH(Table1[[#This Row],[Hora de início]])<10,"0"&MONTH(Table1[[#This Row],[Hora de início]]),MONTH(Table1[[#This Row],[Hora de início]])) -> 2025/05
A113: 112 | B113: 45804.393 | C113: 45804.393 | D113: JHOSLLEY | E113: Reg4Lata | G113: 21119 | H113: =VLOOKUP(G113,Produtos!A:B,2,FALSE) -> SKOL BEATS GT LT 269ML CX CAR C/8 | I113: Produto avariado-embal.primária | J113: =YEAR(Table1[[#This Row],[Hora de início]])&"/"&IF(MONTH(Table1[[#This Row],[Hora de início]])<10,"0"&MONTH(Table1[[#This Row],[Hora de início]]),MONTH(Table1[[#This Row],[Hora de início]])) -> 2025/05
... A118: 117 | B118: 45804.41 | C118: 45804.41 | D118: LUCIANE | E118: Reg4Lata | G118: 17725 | H118: =VLOOKUP(G118,Produtos!A:B,2,FALSE) -> ANTARCTICA PILSEN LT 350ML SH C/18 MULTP | I118: Microfuro | J118: =YEAR(Table1[[#This Row],[Hora de início]])&"/"&IF(MONTH(Table1[[#This Row],[Hora de início]])<10,"0"&MONTH(Table1[[#This Row],[Hora de início]]),MONTH(Table1[[#This Row],[Hora de início]])) -> 2025/05
A119: 118 | B119: 45804.649 | C119: 45804.651 | D119: JOSÉ GILNEI | E119: Picking Baixo Giro | H119: =VLOOKUP(G119,Produtos!A:B,2,FALSE) -> #N/A | J119: =YEAR(Table1[[#This Row],[Hora de início]])&"/"&IF(MONTH(Table1[[#This Row],[Hora de início]])<10,"0"&MONTH(Table1[[#This Row],[Hora de início]]),MONTH(Table1[[#This Row],[Hora de início]])) -> 2025/05
A120: 119 | B120: 45805.408 | C120: 45805.408 | D120: LUCIANE | E120: Reg4Lata | G120: 9068 | H120: =VLOOKUP(G120,Produtos!A:B,2,FALSE) -> SKOL LATA 350ML SH C/12 NPAL | I120: Microfuro | J120: =YEAR(Table1[[#This Row],[Hora de início]])&"/"&IF(MONTH(Table1[[#This Row],[Hora de início]])<10,"0"&MONTH(Table1[[#This Row],[Hora de início]]),MONTH(Table1[[#This Row],[Hora de início]])) -> 2025/05
A121: 120 | B121: 45805.409 | C121: 45805.41 | D121: LUCIANE | E121: RegPET | G121: 6903 | H121: =VLOOKUP(G121,Produtos!A:B,2,FALSE) -> AGUA M F DA ILHA S/G PVC 500ML CAIXA C/1 | I121: Filme rasgado | J121: =YEAR(Table1[[#This Row],[Hora de início]])&"/"&IF(MONTH(Table1[[#This Row],[Hora de início]])<10,"0"&MONTH(Table1[[#This Row],[Hora de início]]),MONTH(Table1[[#This Row],[Hora de início]])) -> 2025/05
A122: 121 | B122: 45805.411 | C122: 45805.411 | D122: JHOSLLEY | E122: Reg4Lata | G122: 9089 | H122: =VLOOKUP(G122,Produtos!A:B,2,FALSE) -> SUKITA LATA 350ML SH C/12 NPAL | I122: Produto avariado-embal.primária | J122: =YEAR(Table1[[#This Row],[Hora de início]])&"/"&IF(MONTH(Table1[[#This Row],[Hora de início]])<10,"0"&MONTH(Table1[[#This Row],[Hora de início]]),MONTH(Table1[[#This Row],[Hora de início]])) -> 2025/05
A123: 122 | B123: 45805.411 | C123: 45805.412 | D123: JHOSLLEY | E123: Reg4Lata | G123: 1898 | H123: =VLOOKUP(G123,Produtos!A:B,2,FALSE) -> BRAHMA CHOPP LT 269ML SH C/15 NPAL | I123: Produto avariado-embal.primária | J123: =YEAR(Table1[[#This Row],[Hora de início]])&"/"&IF(MONTH(Table1[[#This Row],[Hora de início]])<10,"0"&MONTH(Table1[[#This Row],[Hora de início]]),MONTH(Table1[[#This Row],[Hora de início]])) -> 2025/05
A124: 123 | B124: 45807.216 | C124: 45807.222 | D124: RODRIGO | E124: Reg4Lata | G124: 17797 | H124: =VLOOKUP(G124,Produtos!A:B,2,FALSE) -> BRAHMA CHOPP LATA 350ML SH 18 MULTIPACK | I124: Produto avariado-embal.primária | J124: =YEAR(Table1[[#This Row],[Hora de início]])&"/"&IF(MONTH(Table1[[#This Row],[Hora de início]])<10,"0"&MONTH(Table1[[#This Row],[Hora de início]]),MONTH(Table1[[#This Row],[Hora de início]])) -> 2025/05
A125: 124 | B125: 45807.225 | C125: 45807.226 | D125: RODRIGO | E125: Reg4Lata | G125: 9084 | H125: =VLOOKUP(G125,Produtos!A:B,2,FALSE) -> GUARANA CHP ANTARCT LT350ML SH C/12 NPAL | I125: Produto avariado-embal.primária | J125: =YEAR(Table1[[#This Row],[Hora de início]])&"/"&IF(MONTH(Table1[[#This Row],[Hora de início]])<10,"0"&MONTH(Table1[[#This Row],[Hora de início]]),MONTH(Table1[[#This Row],[Hora de início]])) -> 2025/05
A126: 125 | B126: 45807.23 | C126: 45807.231 | D126: RODRIGO | E126: Picking Baixo Giro | G126: 9274 | H126: =VLOOKUP(G126,Produtos!A:B,2,FALSE) -> PEPSI ZERO LATA 350ML SH C/12 NPAL | I126: Produto avariado-embal.primária | J126: =YEAR(Table1[[#This Row],[Hora de início]])&"/"&IF(MONTH(Table1[[#This Row],[Hora de início]])<10,"0"&MONTH(Table1[[#This Row],[Hora de início]]),MONTH(Table1[[#This Row],[Hora de início]])) -> 2025/05
A127: 126 | B127: 45807.232 | C127: 45807.233 | D127: RODRIGO | E127: Picking Baixo Giro | G127: 9085 | H127: =VLOOKUP(G127,Produtos!A:B,2,FALSE) -> GUARANA CHP ANTARCT DIET LT350ML SHC/12 | I127: Produto avariado-embal.primária | J127: =YEAR(Table1[[#This Row],[Hora de início]])&"/"&IF(MONTH(Table1[[#This Row],[Hora de início]])<10,"0"&MONTH(Table1[[#This Row],[Hora de início]]),MONTH(Table1[[#This Row],[Hora de início]])) -> 2025/05
A128: 127 | B128: 45807.372 | C128: 45807.373 | D128: LUCIANE | E128: Reg4Lata | G128: 12948 | H128: =VLOOKUP(G128,Produtos!A:B,2,FALSE) -> BRAHMA CHOPP ZERO LATA 350 SH CX C12 NPA | I128: Microfuro | J128: =YEAR(Table1[[#This Row],[Hora de início]])&"/"&IF(MONTH(Table1[[#This Row],[Hora de início]])<10,"0"&MONTH(Table1[[#This Row],[Hora de início]]),MONTH(Table1[[#This Row],[Hora de início]])) -> 2025/05
A129: 128 | B129: 45807.374 | C129: 45807.375 | D129: LUCIANE | E129: Reg4Lata | G129: 2008 | H129: =VLOOKUP(G129,Produtos!A:B,2,FALSE) -> ANTARCTICA SUBZERO LT 350ML SH C/12 NPAL | I129: Produto avariado-embal.primária | J129: =YEAR(Table1[[#This Row],[Hora de início]])&"/"&IF(MONTH(Table1[[#This Row],[Hora de início]])<10,"0"&MONTH(Table1[[#This Row],[Hora de início]]),MONTH(Table1[[#This Row],[Hora de início]])) -> 2025/05
A130: 129 | B130: 45807.376 | C130: 45807.376 | D130: LUCIANE | E130: Reg4Lata | G130: 9092 | H130: =VLOOKUP(G130,Produtos!A:B,2,FALSE) -> TONICA ANTARCTICA DIET LT350MLSHC/12 PAL | I130: Microfuro | J130: =YEAR(Table1[[#This Row],[Hora de início]])&"/"&IF(MONTH(Table1[[#This Row],[Hora de início]])<10,"0"&MONTH(Table1[[#This Row],[Hora de início]]),MONTH(Table1[[#This Row],[Hora de início]])) -> 2025/05
A131: 130 | B131: 45807.378 | C131: 45807.379 | D131: LUCIANE | E131: Reg4Lata | G131: 1898 | H131: =VLOOKUP(G131,Produtos!A:B,2,FALSE) -> BRAHMA CHOPP LT 269ML SH C/15 NPAL | I131: Microfuro | J131: =YEAR(Table1[[#This Row],[Hora de início]])&"/"&IF(MONTH(Table1[[#This Row],[Hora de início]])<10,"0"&MONTH(Table1[[#This Row],[Hora de início]]),MONTH(Table1[[#This Row],[Hora de início]])) -> 2025/05
... A135: 134 | B135: 45807.391 | C135: 45807.392 | D135: LUCIANE | E135: Reg1RGBL | G135: 6905 | H135: =VLOOKUP(G135,Produtos!A:B,2,FALSE) -> AGUA M F DA ILHA C/G PVC 500ML CAIXA C/1 | I135: Filme rasgado | J135: =YEAR(Table1[[#This Row],[Hora de início]])&"/"&IF(MONTH(Table1[[#This Row],[Hora de início]])<10,"0"&MONTH(Table1[[#This Row],[Hora de início]]),MONTH(Table1[[#This Row],[Hora de início]])) -> 2025/05
A136: 135 | B136: 45807.798 | C136: 45807.802 | D136: JOSÉ GILNEI | E136: Picking Baixo Giro | H136: =VLOOKUP(G136,Produtos!A:B,2,FALSE) -> #N/A | J136: =YEAR(Table1[[#This Row],[Hora de início]])&"/"&IF(MONTH(Table1[[#This Row],[Hora de início]])<10,"0"&MONTH(Table1[[#This Row],[Hora de início]]),MONTH(Table1[[#This Row],[Hora de início]])) -> 2025/05
A137: 136 | B137: 45808.256 | C137: 45808.257 | D137: JHOSLLEY | E137: Reg4Lata | G137: 8411 | H137: =VLOOKUP(G137,Produtos!A:B,2,FALSE) -> GUARANA CHP ANTARCTICA PET 1,5L SH C/6 | I137: Produto avariado-embal.primária | J137: =YEAR(Table1[[#This Row],[Hora de início]])&"/"&IF(MONTH(Table1[[#This Row],[Hora de início]])<10,"0"&MONTH(Table1[[#This Row],[Hora de início]]),MONTH(Table1[[#This Row],[Hora de início]])) -> 2025/05
A138: 137 | B138: 45808.259 | C138: 45808.259 | D138: JHOSLLEY | E138: Reg4Lata | G138: 20498 | H138: =VLOOKUP(G138,Produtos!A:B,2,FALSE) -> BRAHMA DUPLO MALTE LT SLEEK 350ML SH C12 | I138: Produto avariado-embal.primária | J138: =YEAR(Table1[[#This Row],[Hora de início]])&"/"&IF(MONTH(Table1[[#This Row],[Hora de início]])<10,"0"&MONTH(Table1[[#This Row],[Hora de início]]),MONTH(Table1[[#This Row],[Hora de início]])) -> 2025/05
A139: 138 | B139: 45808.26 | C139: 45808.261 | D139: JHOSLLEY | E139: RegPET | G139: 17797 | H139: =VLOOKUP(G139,Produtos!A:B,2,FALSE) -> BRAHMA CHOPP LATA 350ML SH 18 MULTIPACK | I139: Produto avariado-embal.primária | J139: =YEAR(Table1[[#This Row],[Hora de início]])&"/"&IF(MONTH(Table1[[#This Row],[Hora de início]])<10,"0"&MONTH(Table1[[#This Row],[Hora de início]]),MONTH(Table1[[#This Row],[Hora de início]])) -> 2025/05
A140: 139 | B140: 45808.643 | C140: 45808.663 | D140: LAISA | E140: Picking Alto Giro | G140: h2o 500ml | H140: =VLOOKUP(G140,Produtos!A:B,2,FALSE) -> #N/A | I140: Produto avariado-embal.primária | J140: =YEAR(Table1[[#This Row],[Hora de início]])&"/"&IF(MONTH(Table1[[#This Row],[Hora de início]])<10,"0"&MONTH(Table1[[#This Row],[Hora de início]]),MONTH(Table1[[#This Row],[Hora de início]])) -> 2025/05
A141: 140 | B141: 45810.38 | C141: 45810.381 | D141: LUCIANE | E141: Reg4Lata | G141: 9096 | H141: =VLOOKUP(G141,Produtos!A:B,2,FALSE) -> PEPSI COLA LATA 350ML SH C/12 NPAL | I141: Microfuro | J141: =YEAR(Table1[[#This Row],[Hora de início]])&"/"&IF(MONTH(Table1[[#This Row],[Hora de início]])<10,"0"&MONTH(Table1[[#This Row],[Hora de início]]),MONTH(Table1[[#This Row],[Hora de início]])) -> 2025/06
A142: 141 | B142: 45810.383 | C142: 45810.384 | D142: LUCIANE | E142: Reg4Lata | G142: 14135 | H142: =VLOOKUP(G142,Produtos!A:B,2,FALSE) -> BUDWEISER LT 473ML SIX-PACK SH C/2 NPAL | I142: Microfuro | J142: =YEAR(Table1[[#This Row],[Hora de início]])&"/"&IF(MONTH(Table1[[#This Row],[Hora de início]])<10,"0"&MONTH(Table1[[#This Row],[Hora de início]]),MONTH(Table1[[#This Row],[Hora de início]])) -> 2025/06
A143: 142 | B143: 45810.384 | C143: 45810.385 | D143: JHOSLLEY | E143: Reg4Lata | G143: 9083 | H143: =VLOOKUP(G143,Produtos!A:B,2,FALSE) -> SKOL LT 473ML SH C/12 NPAL | I143: Produto avariado-embal.primária | J143: =YEAR(Table1[[#This Row],[Hora de início]])&"/"&IF(MONTH(Table1[[#This Row],[Hora de início]])<10,"0"&MONTH(Table1[[#This Row],[Hora de início]]),MONTH(Table1[[#This Row],[Hora de início]])) -> 2025/06
A144: 143 | B144: 45810.386 | C144: 45810.387 | D144: LUCIANE | E144: RegPET | G144: 21020 | H144: =VLOOKUP(G144,Produtos!A:B,2,FALSE) -> BUDWEISER LT SLEEK 350ML CX CART C12 | I144: Microfuro | J144: =YEAR(Table1[[#This Row],[Hora de início]])&"/"&IF(MONTH(Table1[[#This Row],[Hora de início]])<10,"0"&MONTH(Table1[[#This Row],[Hora de início]]),MONTH(Table1[[#This Row],[Hora de início]])) -> 2025/06
A145: 144 | B145: 45810.388 | C145: 45810.389 | D145: LUCIANE | E145: Reg4Lata | G145: 9067 | H145: =VLOOKUP(G145,Produtos!A:B,2,FALSE) -> ANTARCTICA PILSEN LATA 350ML SH C/12 NPA | I145: Microfuro | J145: =YEAR(Table1[[#This Row],[Hora de início]])&"/"&IF(MONTH(Table1[[#This Row],[Hora de início]])<10,"0"&MONTH(Table1[[#This Row],[Hora de início]]),MONTH(Table1[[#This Row],[Hora de início]])) -> 2025/06
A146: 145 | B146: 45811.394 | C146: 45811.395 | D146: LUCIANE | E146: Reg4Lata | G146: 9068 | H146: =VLOOKUP(G146,Produtos!A:B,2,FALSE) -> SKOL LATA 350ML SH C/12 NPAL | I146: Microfuro | J146: =YEAR(Table1[[#This Row],[Hora de início]])&"/"&IF(MONTH(Table1[[#This Row],[Hora de início]])<10,"0"&MONTH(Table1[[#This Row],[Hora de início]]),MONTH(Table1[[#This Row],[Hora de início]])) -> 2025/06
A147: 146 | B147: 45811.401 | C147: 45811.403 | D147: LUCIANE | E147: Reg2RGB | G147: 17797 | H147: =VLOOKUP(G147,Produtos!A:B,2,FALSE) -> BRAHMA CHOPP LATA 350ML SH 18 MULTIPACK | I147: Produto avariado-embal.primária | J147: =YEAR(Table1[[#This Row],[Hora de início]])&"/"&IF(MONTH(Table1[[#This Row],[Hora de início]])<10,"0"&MONTH(Table1[[#This Row],[Hora de início]]),MONTH(Table1[[#This Row],[Hora de início]])) -> 2025/06
A148: 147 | B148: 45812.52 | C148: 45812.521 | D148: LUCIANE | E148: Reg4Lata | G148: 20651 | H148: =VLOOKUP(G148,Produtos!A:B,2,FALSE) -> CORONA N LT SLEEK 350ML CX 8 | I148: Produto avariado-embal.primária | J148: =YEAR(Table1[[#This Row],[Hora de início]])&"/"&IF(MONTH(Table1[[#This Row],[Hora de início]])<10,"0"&MONTH(Table1[[#This Row],[Hora de início]]),MONTH(Table1[[#This Row],[Hora de início]])) -> 2025/06
A149: 148 | B149: 45812.526 | C149: 45812.527 | D149: LUCIANE | E149: Reg2RGB | G149: 9084 | H149: =VLOOKUP(G149,Produtos!A:B,2,FALSE) -> GUARANA CHP ANTARCT LT350ML SH C/12 NPAL | I149: Produto avariado-embal.primária | J149: =YEAR(Table1[[#This Row],[Hora de início]])&"/"&IF(MONTH(Table1[[#This Row],[Hora de início]])<10,"0"&MONTH(Table1[[#This Row],[Hora de início]]),MONTH(Table1[[#This Row],[Hora de início]])) -> 2025/06
A150: 149 | B150: 45812.529 | C150: 45812.53 | D150: LUCIANE | E150: Reg2RGB | G150: 9084 | H150: =VLOOKUP(G150,Produtos!A:B,2,FALSE) -> GUARANA CHP ANTARCT LT350ML SH C/12 NPAL | I150: Microfuro | J150: =YEAR(Table1[[#This Row],[Hora de início]])&"/"&IF(MONTH(Table1[[#This Row],[Hora de início]])<10,"0"&MONTH(Table1[[#This Row],[Hora de início]]),MONTH(Table1[[#This Row],[Hora de início]])) -> 2025/06
A151: 150 | B151: 45812.53 | C151: 45812.53 | D151: LUCIANE | E151: Reg2RGB | G151: 9084 | H151: =VLOOKUP(G151,Produtos!A:B,2,FALSE) -> GUARANA CHP ANTARCT LT350ML SH C/12 NPAL | I151: Microfuro | J151: =YEAR(Table1[[#This Row],[Hora de início]])&"/"&IF(MONTH(Table1[[#This Row],[Hora de início]])<10,"0"&MONTH(Table1[[#This Row],[Hora de início]]),MONTH(Table1[[#This Row],[Hora de início]])) -> 2025/06
A152: 151 | B152: 45812.531 | C152: 45812.532 | D152: LUCIANE | E152: Reg2RGB | G152: 9084 | H152: =VLOOKUP(G152,Produtos!A:B,2,FALSE) -> GUARANA CHP ANTARCT LT350ML SH C/12 NPAL | I152: Microfuro | J152: =YEAR(Table1[[#This Row],[Hora de início]])&"/"&IF(MONTH(Table1[[#This Row],[Hora de início]])<10,"0"&MONTH(Table1[[#This Row],[Hora de início]]),MONTH(Table1[[#This Row],[Hora de início]])) -> 2025/06
... A160: 159 | B160: 45813.403 | C160: 45813.403 | D160: LUCIANE | E160: Reg4Lata | G160: 9085 | H160: =VLOOKUP(G160,Produtos!A:B,2,FALSE) -> GUARANA CHP ANTARCT DIET LT350ML SHC/12 | I160: Produto avariado/embal.segundária | J160: =YEAR(Table1[[#This Row],[Hora de início]])&"/"&IF(MONTH(Table1[[#This Row],[Hora de início]])<10,"0"&MONTH(Table1[[#This Row],[Hora de início]]),MONTH(Table1[[#This Row],[Hora de início]])) -> 2025/06
A161: 160 | B161: 45813.627 | C161: 45813.633 | D161: JOSÉ GILNEI | E161: Picking Baixo Giro | H161: =VLOOKUP(G161,Produtos!A:B,2,FALSE) -> #N/A | J161: =YEAR(Table1[[#This Row],[Hora de início]])&"/"&IF(MONTH(Table1[[#This Row],[Hora de início]])<10,"0"&MONTH(Table1[[#This Row],[Hora de início]]),MONTH(Table1[[#This Row],[Hora de início]])) -> 2025/06
A162: 161 | B162: 45814.147 | C162: 45814.149 | D162: MARCIO | E162: Picking Baixo Giro | H162: =VLOOKUP(G162,Produtos!A:B,2,FALSE) -> #N/A | I162: Lote e conformidade | J162: =YEAR(Table1[[#This Row],[Hora de início]])&"/"&IF(MONTH(Table1[[#This Row],[Hora de início]])<10,"0"&MONTH(Table1[[#This Row],[Hora de início]]),MONTH(Table1[[#This Row],[Hora de início]])) -> 2025/06
A163: 162 | B163: 45814.149 | C163: 45814.151 | D163: MARCIO | E163: Reg2RGB | H163: =VLOOKUP(G163,Produtos!A:B,2,FALSE) -> #N/A | I163: Lote e conformidade | J163: =YEAR(Table1[[#This Row],[Hora de início]])&"/"&IF(MONTH(Table1[[#This Row],[Hora de início]])<10,"0"&MONTH(Table1[[#This Row],[Hora de início]]),MONTH(Table1[[#This Row],[Hora de início]])) -> 2025/06
A164: 163 | B164: 45814.179 | C164: 45814.181 | D164: RODRIGO | E164: Reg4Lata | G164: 9091 | H164: =VLOOKUP(G164,Produtos!A:B,2,FALSE) -> TONICA ANTARCTICA LT 350ML SH C/12 NPAL | I164: Produto avariado-embal.primária | J164: =YEAR(Table1[[#This Row],[Hora de início]])&"/"&IF(MONTH(Table1[[#This Row],[Hora de início]])<10,"0"&MONTH(Table1[[#This Row],[Hora de início]]),MONTH(Table1[[#This Row],[Hora de início]])) -> 2025/06
A165: 164 | B165: 45814.182 | C165: 45814.183 | D165: RODRIGO | E165: Reg4Lata | H165: =VLOOKUP(G165,Produtos!A:B,2,FALSE) -> #N/A | I165: Erro curva ABC | J165: =YEAR(Table1[[#This Row],[Hora de início]])&"/"&IF(MONTH(Table1[[#This Row],[Hora de início]])<10,"0"&MONTH(Table1[[#This Row],[Hora de início]]),MONTH(Table1[[#This Row],[Hora de início]])) -> 2025/06
...

Sheet Produtos
A1: Cod | B1: Descrição
A2: 29232 | B2: 51 ICE MACA VERDE GFA VD 275 ML FD 24
A3: 21529 | B3: ABSOLUT ORIGINAL GFA VIDRO 1L
A4: 24613 | B4: ACQUA PANNA S/G GARRAFA VD 505 ML CX 24
A5: 23463 | B5: AG MIN S GAS AMA PET 500ML C12 N SHAPE
A6: 13017 | B6: AGUA M F DA ILHA C/G PET 300 ML CX C/12
A7: 15416 | B7: AGUA M F DA ILHA C/G PET 500ML CXC12 PRE
A8: 6909 | B8: AGUA M F DA ILHA C/G PVC 2L CAIXA C/06
A9: 6905 | B9: AGUA M F DA ILHA C/G PVC 500ML CAIXA C/1
A10: 6911 | B10: AGUA M F DA ILHA S/G COPO 200ML CAIXA C/
A11: 8975 | B11: AGUA M F DA ILHA S/G GARRAF+O PET 5 LITROS CX C/04
A12: 15414 | B12: AGUA M F DA ILHA S/G PET 500ML CXC12 PRE
A13: 6907 | B13: AGUA M F DA ILHA S/G PVC 1,5L CAIXA C/06
... A424: 21391 | B424: ﾁGUA MINERAL S/ GﾁS AMA PET 1,5L CX 6 NP
